INDUS,NOX,RM,AGE,PTRATIO,CRIM_log,DIS_log,TAX_log,LSTAT_log,RAD_2,RAD_3,RAD_4,RAD_5,RAD_6,RAD_7,RAD_8,RAD_24,ZN_12.5,ZN_17.5,ZN_18.0,ZN_20.0,ZN_21.0,ZN_22.0,ZN_25.0,ZN_28.0,ZN_30.0,ZN_33.0,ZN_34.0,ZN_35.0,ZN_40.0,ZN_45.0,ZN_52.5,ZN_55.0,ZN_60.0,ZN_70.0,ZN_75.0,ZN_80.0,ZN_82.5,ZN_85.0,ZN_90.0,ZN_95.0,ZN_100.0
2.31,0.538,6.575,65.2,15.3,0.006300112548479854,1.6272778305624314,5.6937321388027,1.7884205679625405,False,False,False,False,False,False,False,False,False,False,True,False,False,False,False,False,False,False,False,False,False,False,False,False,False,False,False,False,False,False,False,False,False
7.07,0.469,6.421,78.9,17.8,0.026943735447546184,1.7862610472398053,5.493061443340548,2.316487998163037,True,False,False,False,False,False,False,False,False,False,False,False,False,False,False,False,False,False,False,False,False,False,False,False,False,False,False,False,False,False,False,False,False
7.07,0.469,7.185,61.1,17.8,0.026924266937859983,1.7862610472398053,5.493061443340548,1.6154199841116479,True,False,False,False,False,False,False,False,False,False,False,False,False,False,False,False,False,False,False,False,False,False,False,False,False,False,False,False,False,False,False,False,False
2.18,0.458,6.998,45.8,18.7,0.031857129935659596,1.9547566176942426,5.407171771460119,1.3711807233098425,False,True,False,False,False,False,False,False,False,False,False,False,False,False,False,False,False,False,False,False,False,False,False,False,False,False,False,False,False,False,False,False,False
2.18,0.458,7.147,54.2,18.7,0.06677040363385237,1.9547566176942426,5.407171771460119,1.8453002361560848,False,True,False,False,False,False,False,False,False,False,False,False,False,False,False,False,False,False,False,False,False,False,False,False,False,False,False,False,False,False,False,False,False
2.18,0.458,6.43,58.7,18.7,0.029413160568349615,1.9547566176942426,5.407171771460119,1.8261608959453874,False,True,False,False,False,False,False,False,False,False,False,False,False,False,False,False,False,False,False,False,False,False,False,False,False,False,False,False,False,False,False,False,False
7.87,0.524,6.012,66.6,15.2,0.08460765703482563,1.8810668195636333,5.7430031878094825,2.5974910105351463,False,False,False,True,False,False,False,False,True,False,False,False,False,False,False,False,False,False,False,False,False,False,False,False,False,False,False,False,False,False,False,False,False
7.87,0.524,6.172,96.1,15.2,0.13501154665587695,1.9388135994350102,5.7430031878094825,3.0032042883926917,False,False,False,True,False,False,False,False,True,False,False,False,False,False,False,False,False,False,False,False,False,False,False,False,False,False,False,False,False,False,False,False,False
7.87,0.524,5.631,100.0,15.2,0.19164462825480602,1.95757047389502,5.7430031878094825,3.4317265866969784,False,False,False,True,False,False,False,False,True,False,False,False,False,False,False,False,False,False,False,False,False,False,False,False,False,False,False,False,False,False,False,False,False
7.87,0.524,6.004,85.9,15.2,0.15703793625945525,2.027108232980627,5.7430031878094825,2.89591193827178,False,False,False,True,False,False,False,False,True,False,False,False,False,False,False,False,False,False,False,False,False,False,False,False,False,False,False,False,False,False,False,False,False
7.87,0.524,6.377,94.3,15.2,0.20285104404642812,1.9942512328113926,5.7430031878094825,3.065724645374026,False,False,False,True,False,False,False,False,True,False,False,False,False,False,False,False,False,False,False,False,False,False,False,False,False,False,False,False,False,False,False,False,False
7.87,0.524,6.009,82.9,15.2,0.11106720150765238,1.9777825004388234,5.7430031878094825,2.658159431488745,False,False,False,True,False,False,False,False,True,False,False,False,False,False,False,False,False,False,False,False,False,False,False,False,False,False,False,False,False,False,False,False,False
7.87,0.524,5.889,39.0,15.2,0.08963958688495932,1.8642196559573156,5.7430031878094825,2.8160073426073025,False,False,False,True,False,False,False,False,True,False,False,False,False,False,False,False,False,False,False,False,False,False,False,False,False,False,False,False,False,False,False,False,False
8.14,0.538,5.949,61.8,21.0,0.48843276471410274,1.7417810994218135,5.730099782973574,2.225704048658088,False,False,True,False,False,False,False,False,False,False,False,False,False,False,False,False,False,False,False,False,False,False,False,False,False,False,False,False,False,False,False,False,False
8.14,0.538,6.096,84.5,21.0,0.493451565108284,1.6977967145719404,5.730099782973574,2.421256622711544,False,False,True,False,False,False,False,False,False,False,False,False,False,False,False,False,False,False,False,False,False,False,False,False,False,False,False,False,False,False,False,False,False
8.14,0.538,5.834,56.5,21.0,0.4869775044907406,1.7044935143816868,5.730099782973574,2.248128907197987,False,False,True,False,False,False,False,False,False,False,False,False,False,False,False,False,False,False,False,False,False,False,False,False,False,False,False,False,False,False,False,False,False
8.14,0.538,5.935,29.3,21.0,0.719755031081429,1.7044935143816868,5.730099782973574,2.0255131996542803,False,False,True,False,False,False,False,False,False,False,False,False,False,False,False,False,False,False,False,False,False,False,False,False,False,False,False,False,False,False,False,False,False
8.14,0.538,5.99,81.7,21.0,0.5789701354975461,1.6597317074885674,5.730099782973574,2.7517480563679295,False,False,True,False,False,False,False,False,False,False,False,False,False,False,False,False,False,False,False,False,False,False,False,False,False,False,False,False,False,False,False,False,False
8.14,0.538,5.456,36.6,21.0,0.5892910882451726,1.5678864852758652,5.730099782973574,2.540814281726296,False,False,True,False,False,False,False,False,False,False,False,False,False,False,False,False,False,False,False,False,False,False,False,False,False,False,False,False,False,False,False,False,False
8.14,0.538,5.727,69.5,21.0,0.5456907110920701,1.5678864852758652,5.730099782973574,2.5079719227189963,False,False,True,False,False,False,False,False,False,False,False,False,False,False,False,False,False,False,False,False,False,False,False,False,False,False,False,False,False,False,False,False,False
8.14,0.538,5.57,98.1,21.0,0.8117254554853013,1.5681783221827976,5.730099782973574,3.091951131294534,False,False,True,False,False,False,False,False,False,False,False,False,False,False,False,False,False,False,False,False,False,False,False,False,False,False,False,False,False,False,False,False,False
8.14,0.538,5.965,89.2,21.0,0.6162877342628865,1.6118948915872748,5.730099782973574,2.696652156149841,False,False,True,False,False,False,False,False,False,False,False,False,False,False,False,False,False,False,False,False,False,False,False,False,False,False,False,False,False,False,False,False,False
8.14,0.538,6.142,91.7,21.0,0.8031085958282843,1.604807207249406,5.730099782973574,2.9816333491744893,False,False,True,False,False,False,False,False,False,False,False,False,False,False,False,False,False,False,False,False,False,False,False,False,False,False,False,False,False,False,False,False,False
8.14,0.538,5.813,100.0,21.0,0.6873453826321089,1.628298920075019,5.730099782973574,3.038791763014438,False,False,True,False,False,False,False,False,False,False,False,False,False,False,False,False,False,False,False,False,False,False,False,False,False,False,False,False,False,False,False,False,False
8.14,0.538,5.924,94.1,21.0,0.5597643483283525,1.686324876752535,5.730099782973574,2.8507065015037334,False,False,True,False,False,False,False,False,False,False,False,False,False,False,False,False,False,False,False,False,False,False,False,False,False,False,False,False,False,False,False,False,False
8.14,0.538,5.599,85.7,21.0,0.6100590068254429,1.6964592893737305,5.730099782973574,2.8627721462977607,False,False,True,False,False,False,False,False,False,False,False,False,False,False,False,False,False,False,False,False,False,False,False,False,False,False,False,False,False,False,False,False,False
8.14,0.538,5.813,90.3,21.0,0.5139666854625483,1.7373032834319964,5.730099782973574,2.7606426512213806,False,False,True,False,False,False,False,False,False,False,False,False,False,False,False,False,False,False,False,False,False,False,False,False,False,False,False,False,False,False,False,False,False
8.14,0.538,6.047,88.8,21.0,0.6707839777866772,1.6962392673706428,5.730099782973574,2.905807566026004,False,False,True,False,False,False,False,False,False,False,False,False,False,False,False,False,False,False,False,False,False,False,False,False,False,False,False,False,False,False,False,False,False
8.14,0.538,6.495,94.4,21.0,0.5726673869182406,1.6964776223556821,5.730099782973574,2.624668592163159,False,False,True,False,False,False,False,False,False,False,False,False,False,False,False,False,False,False,False,False,False,False,False,False,False,False,False,False,False,False,False,False,False
8.14,0.538,6.674,87.3,21.0,0.6943714308596382,1.6561306404260827,5.730099782973574,2.563409711275944,False,False,True,False,False,False,False,False,False,False,False,False,False,False,False,False,False,False,False,False,False,False,False,False,False,False,False,False,False,False,False,False,False
8.14,0.538,5.713,94.1,21.0,0.7565021891227188,1.6549847273900706,5.730099782973574,3.1612467120315646,False,False,True,False,False,False,False,False,False,False,False,False,False,False,False,False,False,False,False,False,False,False,False,False,False,False,False,False,False,False,False,False,False
8.14,0.538,6.072,100.0,21.0,0.8564218244336657,1.6438393391514328,5.730099782973574,2.641910398597665,False,False,True,False,False,False,False,False,False,False,False,False,False,False,False,False,False,False,False,False,False,False,False,False,False,False,False,False,False,False,False,False,False
8.14,0.538,5.95,82.0,21.0,0.8704520079168975,1.6074359097634274,5.730099782973574,3.3572454941329726,False,False,True,False,False,False,False,False,False,False,False,False,False,False,False,False,False,False,False,False,False,False,False,False,False,False,False,False,False,False,False,False,False
8.14,0.538,5.701,95.0,21.0,0.7662675223101358,1.5659456893579664,5.730099782973574,2.962692419475791,False,False,True,False,False,False,False,False,False,False,False,False,False,False,False,False,False,False,False,False,False,False,False,False,False,False,False,False,False,False,False,False,False
8.14,0.538,6.096,96.9,21.0,0.9604300978281596,1.5602056505538753,5.730099782973574,3.060583245873607,False,False,True,False,False,False,False,False,False,False,False,False,False,False,False,False,False,False,False,False,False,False,False,False,False,False,False,False,False,False,False,False,False
5.96,0.499,5.933,68.2,19.2,0.06219515259296706,1.4725408623332763,5.634789603169249,2.3683728335320486,False,False,False,True,False,False,False,False,False,False,False,False,False,False,False,False,False,False,False,False,False,False,False,False,False,False,False,False,False,False,False,False,False
5.96,0.499,5.841,61.4,19.2,0.0929801947688742,1.4765691573596729,5.634789603169249,2.5185025992165158,False,False,False,True,False,False,False,False,False,False,False,False,False,False,False,False,False,False,False,False,False,False,False,False,False,False,False,False,False,False,False,False,False
5.96,0.499,5.85,41.5,19.2,0.07709066236456355,1.596190552348471,5.634789603169249,2.2793164660546914,False,False,False,True,False,False,False,False,False,False,False,False,False,False,False,False,False,False,False,False,False,False,False,False,False,False,False,False,False,False,False,False,False
5.96,0.499,5.966,30.2,19.2,0.1613106998822503,1.578421848902911,5.634789603169249,2.4096441652874536,False,False,False,True,False,False,False,False,False,False,False,False,False,False,False,False,False,False,False,False,False,False,False,False,False,False,False,False,False,False,False,False,False
2.95,0.428,6.595,21.8,18.3,0.02725518006645146,1.8564698505968105,5.53338948872752,1.6714733033535532,False,True,False,False,False,False,False,False,False,False,False,False,False,False,False,False,False,False,False,False,False,False,False,False,False,False,True,False,False,False,False,False,False
2.95,0.428,7.024,15.8,18.3,0.03303817907679737,1.8564698505968105,5.53338948872752,1.091923300517313,False,True,False,False,False,False,False,False,False,False,False,False,False,False,False,False,False,False,False,False,False,False,False,False,False,False,True,False,False,False,False,False,False
6.91,0.448,6.77,2.9,17.9,0.11994957590111856,1.9052220741388564,5.455321115357702,1.7647307968401356,False,True,False,False,False,False,False,False,False,False,False,False,False,False,False,False,False,False,False,False,False,False,False,False,False,False,False,False,False,False,False,False,False
6.91,0.448,6.169,6.6,17.9,0.13234318698771316,1.9052220741388564,5.455321115357702,1.918392120161421,False,True,False,False,False,False,False,False,False,False,False,False,False,False,False,False,False,False,False,False,False,False,False,False,False,False,False,False,False,False,False,False,False
6.91,0.448,6.211,6.5,17.9,0.14786812872457536,1.9052220741388564,5.455321115357702,2.132982308607866,False,True,False,False,False,False,False,False,False,False,False,False,False,False,False,False,False,False,False,False,False,False,False,False,False,False,False,False,False,False,False,False,False
6.91,0.448,6.069,40.0,17.9,0.11572759134397043,1.9052220741388564,5.455321115357702,2.3561258599220753,False,True,False,False,False,False,False,False,False,False,False,False,False,False,False,False,False,False,False,False,False,False,False,False,False,False,False,False,False,False,False,False,False
6.91,0.448,5.682,33.8,17.9,0.15821668811495349,1.8083543427998916,5.455321115357702,2.4168062370840686,False,True,False,False,False,False,False,False,False,False,False,False,False,False,False,False,False,False,False,False,False,False,False,False,False,False,False,False,False,False,False,False,False
6.91,0.448,5.786,33.3,17.9,0.17257420533907458,1.8083543427998916,5.455321115357702,2.7180005319553784,False,True,False,False,False,False,False,False,False,False,False,False,False,False,False,False,False,False,False,False,False,False,False,False,False,False,False,False,False,False,False,False,False
6.91,0.448,6.03,85.5,17.9,0.20642049726093953,1.9005241840194438,5.455321115357702,2.9856819377004897,False,True,False,False,False,False,False,False,False,False,False,False,False,False,False,False,False,False,False,False,False,False,False,False,False,False,False,False,False,False,False,False,False
6.91,0.448,5.399,95.3,17.9,0.2262347685752403,1.927164106234258,5.455321115357702,3.4597807057610526,False,True,False,False,False,False,False,False,False,False,False,False,False,False,False,False,False,False,False,False,False,False,False,False,False,False,False,False,False,False,False,False,False
6.91,0.448,5.602,62.0,17.9,0.1986623163820069,1.958360887350616,5.455321115357702,2.8449093838194073,False,True,False,False,False,False,False,False,False,False,False,False,False,False,False,False,False,False,False,False,False,False,False,False,False,False,False,False,False,False,False,False,False
5.64,0.439,5.963,45.7,16.8,0.0850118793258392,2.0560065754206818,5.497168225293202,2.670694414558441,False,False,True,False,False,False,False,False,False,False,False,False,True,False,False,False,False,False,False,False,False,False,False,False,False,False,False,False,False,False,False,False,False
5.64,0.439,6.115,63.0,16.8,0.04245585903639239,2.0560065754206818,5.497168225293202,2.344686269012681,False,False,True,False,False,False,False,False,False,False,False,False,True,False,False,False,False,False,False,False,False,False,False,False,False,False,False,False,False,False,False,False,False
5.64,0.439,6.511,21.1,16.8,0.05221287144693424,2.0560065754206818,5.497168225293202,1.8373699804801074,False,False,True,False,False,False,False,False,False,False,False,False,True,False,False,False,False,False,False,False,False,False,False,False,False,False,False,False,False,False,False,False,False
5.64,0.439,5.998,21.4,16.8,0.04860919541462225,2.0560065754206818,5.497168225293202,2.2438960966453663,False,False,True,False,False,False,False,False,False,False,False,False,True,False,False,False,False,False,False,False,False,False,False,False,False,False,False,False,False,False,False,False,False
4.0,0.41,5.888,47.6,21.1,0.013508350024792243,2.1186261964907156,6.152732694704104,2.760009940032921,False,True,False,False,False,False,False,False,False,False,False,False,False,False,False,False,False,False,False,False,False,False,False,False,False,False,True,False,False,False,False,False,False
1.22,0.403,7.249,21.9,17.9,0.013024807722689456,2.2717753086005157,5.424950017481403,1.7595805708638197,False,False,False,True,False,False,False,False,False,False,False,False,False,False,False,False,False,False,False,False,False,False,False,False,False,False,False,False,False,False,True,False,False
0.74,0.41,6.383,35.7,17.3,0.02034169765791456,2.321171294469725,5.749392985908253,1.9125010869241836,True,False,False,False,False,False,False,False,False,False,False,False,False,False,False,False,False,False,False,False,False,False,False,False,False,False,False,False,False,True,False,False,False
1.32,0.411,6.816,40.5,15.1,0.0142184372375555,2.232677517578694,5.54907608489522,1.599387576580599,False,False,False,True,False,False,False,False,False,False,False,False,False,False,False,False,False,False,False,False,False,False,False,False,False,False,False,False,False,False,False,False,True
5.13,0.453,6.145,29.2,19.7,0.1436240400828755,2.1764321269934643,5.652489180268651,2.061786606441115,False,False,False,False,False,False,True,False,False,False,False,False,False,False,True,False,False,False,False,False,False,False,False,False,False,False,False,False,False,False,False,False,False
5.13,0.453,5.927,47.2,19.7,0.09828756118394519,2.0709052106575494,5.652489180268651,2.3243465847755584,False,False,False,False,False,False,True,False,False,False,False,False,False,False,True,False,False,False,False,False,False,False,False,False,False,False,False,False,False,False,False,False,False
5.13,0.453,5.741,66.2,19.7,0.13917046313797143,2.1072269276877726,5.652489180268651,2.649714624089247,False,False,False,False,False,False,True,False,False,False,False,False,False,False,True,False,False,False,False,False,False,False,False,False,False,False,False,False,False,False,False,False,False
5.13,0.453,5.966,93.4,19.7,0.15846422026338805,2.056492720301428,5.652489180268651,2.73696154459663,False,False,False,False,False,False,True,False,False,False,False,False,False,False,True,False,False,False,False,False,False,False,False,False,False,False,False,False,False,False,False,False,False
5.13,0.453,6.456,67.8,19.7,0.1046032289886448,2.107239085077338,5.652489180268651,2.0451088625993306,False,False,False,False,False,False,True,False,False,False,False,False,False,False,True,False,False,False,False,False,False,False,False,False,False,False,False,False,False,False,False,False,False
5.13,0.453,6.762,43.4,19.7,0.11911548089016206,2.1951001000092965,5.652489180268651,2.3513752571634776,False,False,False,False,False,False,True,False,False,False,False,False,False,False,True,False,False,False,False,False,False,False,False,False,False,False,False,False,False,False,False,False,False
1.38,0.4161,7.104,59.5,18.6,0.019322119714037037,2.324630301862611,5.37989735354046,2.2027647577118348,False,True,False,False,False,False,False,False,False,True,False,False,False,False,False,False,False,False,False,False,False,False,False,False,False,False,False,False,False,False,False,False,False
3.37,0.398,6.29,17.8,16.1,0.03521269175574247,2.0296602615171717,5.823045895483019,1.7351891177396608,False,False,True,False,False,False,False,False,False,False,False,False,False,False,False,False,False,False,False,False,False,False,False,False,False,False,False,True,False,False,False,False,False
3.37,0.398,5.787,31.1,16.1,0.042858319801900656,2.0296602615171717,5.823045895483019,2.419478844465545,False,False,True,False,False,False,False,False,False,False,False,False,False,False,False,False,False,False,False,False,False,False,False,False,False,False,False,True,False,False,False,False,False
6.07,0.409,5.878,21.4,18.9,0.05627635827662477,2.01463631831372,5.846438775057725,2.2082744135228043,False,False,True,False,False,False,False,False,True,False,False,False,False,False,False,False,False,False,False,False,False,False,False,False,False,False,False,False,False,False,False,False,False
6.07,0.409,5.594,36.8,18.9,0.1271083087153749,2.01463631831372,5.846438775057725,2.645465325910589,False,False,True,False,False,False,False,False,True,False,False,False,False,False,False,False,False,False,False,False,False,False,False,False,False,False,False,False,False,False,False,False,False
6.07,0.409,5.885,33.0,18.9,0.1205879869885934,2.01463631831372,5.846438775057725,2.281361456542419,False,False,True,False,False,False,False,False,True,False,False,False,False,False,False,False,False,False,False,False,False,False,False,False,False,False,False,False,False,False,False,False,False
10.81,0.413,6.417,6.6,19.2,0.08458009047306331,1.8385317257748068,5.723585101952381,2.0438143640366846,False,False,True,False,False,False,False,False,False,False,False,False,False,False,False,False,False,False,False,False,False,False,False,False,False,False,False,False,False,False,False,False,False
10.81,0.413,5.961,17.5,19.2,0.14735046784990224,1.8385317257748068,5.723585101952381,2.3869262414277967,False,False,True,False,False,False,False,False,False,False,False,False,False,False,False,False,False,False,False,False,False,False,False,False,False,False,False,False,False,False,False,False,False
10.81,0.413,6.065,7.8,19.2,0.08768115263983375,1.8385317257748068,5.723585101952381,1.8748743759385615,False,False,True,False,False,False,False,False,False,False,False,False,False,False,False,False,False,False,False,False,False,False,False,False,False,False,False,False,False,False,False,False,False
10.81,0.413,6.245,6.2,19.2,0.17847249197232393,1.8385317257748068,5.723585101952381,2.1447610078004784,False,False,True,False,False,False,False,False,False,False,False,False,False,False,False,False,False,False,False,False,False,False,False,False,False,False,False,False,False,False,False,False,False
12.83,0.437,6.273,6.0,18.7,0.07599761422646512,1.658513750080693,5.988961416889864,2.0515563381903004,False,False,False,True,False,False,False,False,False,False,False,False,False,False,False,False,False,False,False,False,False,False,False,False,False,False,False,False,False,False,False,False,False
12.83,0.437,6.286,45.0,18.7,0.09086394630511975,1.7052207078108166,5.988961416889864,2.2965670206684825,False,False,False,True,False,False,False,False,False,False,False,False,False,False,False,False,False,False,False,False,False,False,False,False,False,False,False,False,False,False,False,False,False
12.83,0.437,6.279,74.5,18.7,0.09670012247721363,1.619823791986518,5.988961416889864,2.5626389983283526,False,False,False,True,False,False,False,False,False,False,False,False,False,False,False,False,False,False,False,False,False,False,False,False,False,False,False,False,False,False,False,False,False
12.83,0.437,6.14,45.8,18.7,0.08348600348975033,1.6273760575651133,5.988961416889864,2.422144328051685,False,False,False,True,False,False,False,False,False,False,False,False,False,False,False,False,False,False,False,False,False,False,False,False,False,False,False,False,False,False,False,False,False
12.83,0.437,6.232,53.7,18.7,0.054923696495899246,1.7941067122964032,5.988961416889864,2.590767040487478,False,False,False,True,False,False,False,False,False,False,False,False,False,False,False,False,False,False,False,False,False,False,False,False,False,False,False,False,False,False,False,False,False
12.83,0.437,5.874,36.6,18.7,0.08053796962647085,1.7052207078108166,5.988961416889864,2.312535423847214,False,False,False,True,False,False,False,False,False,False,False,False,False,False,False,False,False,False,False,False,False,False,False,False,False,False,False,False,False,False,False,False,False
4.86,0.426,6.727,33.5,19.0,0.04030666175913415,1.8564073593846169,5.641907070938114,1.8389610707123492,False,False,True,False,False,False,False,False,False,False,False,False,False,False,True,False,False,False,False,False,False,False,False,False,False,False,False,False,False,False,False,False,False
4.86,0.426,6.619,70.4,19.0,0.043653182921403064,1.8564073593846169,5.641907070938114,2.1065702090680882,False,False,True,False,False,False,False,False,False,False,False,False,False,False,True,False,False,False,False,False,False,False,False,False,False,False,False,False,False,False,False,False,False
4.86,0.426,6.302,32.2,19.0,0.03593647980430559,1.8564073593846169,5.641907070938114,2.0438143640366846,False,False,True,False,False,False,False,False,False,False,False,False,False,False,True,False,False,False,False,False,False,False,False,False,False,False,False,False,False,False,False,False,False
4.86,0.426,6.167,46.7,19.0,0.03489405897732069,1.8564073593846169,5.641907070938114,2.1412419425852827,False,False,True,False,False,False,False,False,False,False,False,False,False,False,True,False,False,False,False,False,False,False,False,False,False,False,False,False,False,False,False,False,False
4.49,0.449,6.389,48.0,18.5,0.04935191112196916,1.754299871067673,5.5134287461649825,2.362739015813793,False,True,False,False,False,False,False,False,False,False,False,False,False,False,False,False,False,False,False,False,False,False,False,False,False,False,False,False,False,False,False,False,False
4.49,0.449,6.63,56.1,18.5,0.055765777905857246,1.6933561773475712,5.5134287461649825,2.018895041811802,False,True,False,False,False,False,False,False,False,False,False,False,False,False,False,False,False,False,False,False,False,False,False,False,False,False,False,False,False,False,False,False,False
4.49,0.449,6.015,45.1,18.5,0.050579039368154076,1.6914233471753921,5.5134287461649825,2.6290069937617573,False,True,False,False,False,False,False,False,False,False,False,False,False,False,False,False,False,False,False,False,False,False,False,False,False,False,False,False,False,False,False,False,False
4.49,0.449,6.121,56.8,18.5,0.06906886859909778,1.557639227200213,5.5134287461649825,2.244955980157409,False,True,False,False,False,False,False,False,False,False,False,False,False,False,False,False,False,False,False,False,False,False,False,False,False,False,False,False,False,False,False,False,False
3.41,0.489,7.007,86.3,17.8,0.0550562057480784,1.4865242375286847,5.602118820879701,1.8718021769015913,True,False,False,False,False,False,False,False,False,False,False,False,False,False,False,False,False,False,False,False,False,False,False,False,False,False,False,False,False,False,False,False,False
3.41,0.489,7.079,63.1,17.8,0.051662226323793706,1.4848945773595001,5.602118820879701,1.9021075263969205,True,False,False,False,False,False,False,False,False,False,False,False,False,False,False,False,False,False,False,False,False,False,False,False,False,False,False,False,False,False,False,False,False
3.41,0.489,6.417,66.1,17.8,0.0457761026365836,1.4091071591850473,5.602118820879701,2.2834022735772717,True,False,False,False,False,False,False,False,False,False,False,False,False,False,False,False,False,False,False,False,False,False,False,False,False,False,False,False,False,False,False,False,False
3.41,0.489,6.405,73.9,17.8,0.038566653148816674,1.4090582857184426,5.602118820879701,2.2192034840549946,True,False,False,False,False,False,False,False,False,False,False,False,False,False,False,False,False,False,False,False,False,False,False,False,False,False,False,False,False,False,False,False,False
15.04,0.464,6.442,53.6,18.2,0.0411707337036766,1.5402807417364872,5.602118820879701,2.214846178686039,False,False,True,False,False,False,False,False,False,False,False,False,False,False,False,True,False,False,False,False,False,False,False,False,False,False,False,False,False,False,False,False,False
15.04,0.464,6.211,28.9,18.2,0.028344473009142515,1.5402807417364872,5.602118820879701,1.9754689512968577,False,False,True,False,False,False,False,False,False,False,False,False,False,False,False,True,False,False,False,False,False,False,False,False,False,False,False,False,False,False,False,False,False
15.04,0.464,6.249,77.3,18.2,0.04204364799767933,1.5293118679548154,5.602118820879701,2.4501426573516603,False,False,True,False,False,False,False,False,False,False,False,False,False,False,False,True,False,False,False,False,False,False,False,False,False,False,False,False,False,False,False,False,False
2.89,0.445,6.625,57.8,18.0,0.11514845708892209,1.5030101608158515,5.6240175061873385,2.0347056478384444,True,False,False,False,False,False,False,False,False,False,False,False,False,False,False,False,False,False,False,False,False,False,False,False,False,False,False,False,False,False,False,False,False
2.89,0.445,6.163,69.6,18.0,0.10889027870807165,1.5030101608158515,5.6240175061873385,2.5128460184772416,True,False,False,False,False,False,False,False,False,False,False,False,False,False,False,False,False,False,False,False,False,False,False,False,False,False,False,False,False,False,False,False,False
2.89,0.445,8.069,76.0,18.0,0.11406948227773037,1.5030101608158515,5.6240175061873385,1.6505798557652755,True,False,False,False,False,False,False,False,False,False,False,False,False,False,False,False,False,False,False,False,False,False,False,False,False,False,False,False,False,False,False,False,False
2.89,0.445,7.82,36.9,18.0,0.0786910253316489,1.5030101608158515,5.6240175061873385,1.5195132049061133,True,False,False,False,False,False,False,False,False,False,False,False,False,False,False,False,False,False,False,False,False,False,False,False,False,False,False,False,False,False,False,False,False
2.89,0.445,7.416,62.5,18.0,0.06634938054153391,1.5030101608158515,5.6240175061873385,1.9726911717329554,True,False,False,False,False,False,False,False,False,False,False,False,False,False,False,False,False,False,False,False,False,False,False,False,False,False,False,False,False,False,False,False,False
8.56,0.52,6.727,79.9,20.9,0.13859604559025773,1.3291418296155821,5.953243334287785,2.343727036325221,False,False,False,True,False,False,False,False,False,False,False,False,False,False,False,False,False,False,False,False,False,False,False,False,False,False,False,False,False,False,False,False,False
8.56,0.52,6.781,71.3,20.9,0.10824435339763891,1.3496563100219874,5.953243334287785,2.1598687907924505,False,False,False,True,False,False,False,False,False,False,False,False,False,False,False,False,False,False,False,False,False,False,False,False,False,False,False,False,False,False,False,False,False
8.56,0.52,6.405,85.4,20.9,0.20600553079810677,1.3122979212077555,5.953243334287785,2.453587966530573,False,False,False,True,False,False,False,False,False,False,False,False,False,False,False,False,False,False,False,False,False,False,False,False,False,False,False,False,False,False,False,False,False
8.56,0.52,6.137,87.4,20.9,0.19195005368591092,1.3122979212077555,5.953243334287785,2.67000213346468,False,False,False,True,False,False,False,False,False,False,False,False,False,False,False,False,False,False,False,False,False,False,False,False,False,False,False,False,False,False,False,False,False
8.56,0.52,6.167,90.0,20.9,0.1306773236416162,1.2299329059954676,5.953243334287785,2.5900171341906173,False,False,False,True,False,False,False,False,False,False,False,False,False,False,False,False,False,False,False,False,False,False,False,False,False,False,False,False,False,False,False,False,False
8.56,0.52,5.851,96.7,20.9,0.12453353302656035,1.1336254445051157,5.953243334287785,2.8604851241459652,False,False,False,True,False,False,False,False,False,False,False,False,False,False,False,False,False,False,False,False,False,False,False,False,False,False,False,False,False,False,False,False,False
8.56,0.52,5.836,91.9,20.9,0.15802886422491005,1.166582415107377,5.953243334287785,2.9785861147190205,False,False,False,True,False,False,False,False,False,False,False,False,False,False,False,False,False,False,False,False,False,False,False,False,False,False,False,False,False,False,False,False,False
8.56,0.52,6.127,85.2,20.9,0.12325249529930257,1.1386019368842681,5.953243334287785,2.7140322727797574,False,False,False,True,False,False,False,False,False,False,False,False,False,False,False,False,False,False,False,False,False,False,False,False,False,False,False,False,False,False,False,False,False
8.56,0.52,6.474,97.1,20.9,0.12046388341513765,1.2334053850096418,5.953243334287785,2.5855058483441162,False,False,False,True,False,False,False,False,False,False,False,False,False,False,False,False,False,False,False,False,False,False,False,False,False,False,False,False,False,False,False,False,False
8.56,0.52,6.229,91.2,20.9,0.23398853135437192,1.2655663683309426,5.953243334287785,2.806386101823072,False,False,False,True,False,False,False,False,False,False,False,False,False,False,False,False,False,False,False,False,False,False,False,False,False,False,False,False,False,False,False,False,False
8.56,0.52,6.195,54.4,20.9,0.1024934094340411,1.3291418296155821,5.953243334287785,2.6390573296152584,False,False,False,True,False,False,False,False,False,False,False,False,False,False,False,False,False,False,False,False,False,False,False,False,False,False,False,False,False,False,False,False,False
10.01,0.547,6.715,81.6,17.8,0.09607352474606409,1.3022331734934556,6.07073772800249,2.412335956953165,False,False,False,False,True,False,False,False,False,False,False,False,False,False,False,False,False,False,False,False,False,False,False,False,False,False,False,False,False,False,False,False,False
10.01,0.547,5.913,92.9,17.8,0.11626187928444467,1.2099747565215704,6.07073772800249,2.845490610223448,False,False,False,False,True,False,False,False,False,False,False,False,False,False,False,False,False,False,False,False,False,False,False,False,False,False,False,False,False,False,False,False,False
10.01,0.547,6.092,95.4,17.8,0.20058705560079915,1.266384064447333,6.07073772800249,2.895359299407204,False,False,False,False,True,False,False,False,False,False,False,False,False,False,False,False,False,False,False,False,False,False,False,False,False,False,False,False,False,False,False,False,False
10.01,0.547,6.254,84.2,17.8,0.13305252798715148,1.180652999004319,6.07073772800249,2.4379897300002487,False,False,False,False,True,False,False,False,False,False,False,False,False,False,False,False,False,False,False,False,False,False,False,False,False,False,False,False,False,False,False,False,False
10.01,0.547,5.928,88.2,17.8,0.15814839260023486,1.242164141699867,6.07073772800249,2.818995095053937,False,False,False,False,True,False,False,False,False,False,False,False,False,False,False,False,False,False,False,False,False,False,False,False,False,False,False,False,False,False,False,False,False
10.01,0.547,6.176,72.5,17.8,0.12361488619930212,1.3164350429478264,6.07073772800249,2.5680215564985067,False,False,False,False,True,False,False,False,False,False,False,False,False,False,False,False,False,False,False,False,False,False,False,False,False,False,False,False,False,False,False,False,False
10.01,0.547,6.021,82.6,17.8,0.1406137533941644,1.321062266182275,6.07073772800249,2.424802725718295,False,False,False,False,True,False,False,False,False,False,False,False,False,False,False,False,False,False,False,False,False,False,False,False,False,False,False,False,False,False,False,False,False
10.01,0.547,5.872,73.1,17.8,0.12273077538031703,1.246313644815461,6.07073772800249,2.7954503913830435,False,False,False,False,True,False,False,False,False,False,False,False,False,False,False,False,False,False,False,False,False,False,False,False,False,False,False,False,False,False,False,False,False
10.01,0.547,5.731,65.2,17.8,0.13519500804868875,1.3242061688064688,6.07073772800249,2.681706225762608,False,False,False,False,True,False,False,False,False,False,False,False,False,False,False,False,False,False,False,False,False,False,False,False,False,False,False,False,False,False,False,False,False
25.65,0.581,5.87,69.7,19.1,0.06671427746220379,1.1810214249088273,5.241747015059643,2.7324175575505043,True,False,False,False,False,False,False,False,False,False,False,False,False,False,False,False,False,False,False,False,False,False,False,False,False,False,False,False,False,False,False,False,False
25.65,0.581,6.004,84.1,19.1,0.06919951680100443,1.1623379795486546,5.241747015059643,2.725890119230541,True,False,False,False,False,False,False,False,False,False,False,False,False,False,False,False,False,False,False,False,False,False,False,False,False,False,False,False,False,False,False,False,False
25.65,0.581,5.961,92.9,19.1,0.08891706002171539,1.1271673510853832,5.241747015059643,2.9407479652212314,True,False,False,False,False,False,False,False,False,False,False,False,False,False,False,False,False,False,False,False,False,False,False,False,False,False,False,False,False,False,False,False,False
25.65,0.581,5.856,97.0,19.1,0.14009232257621806,1.0799050612024137,5.241747015059643,3.273742726309041,True,False,False,False,False,False,False,False,False,False,False,False,False,False,False,False,False,False,False,False,False,False,False,False,False,False,False,False,False,False,False,False,False
25.65,0.581,5.879,95.8,19.1,0.09393650947837956,1.1007100867502557,5.241747015059643,2.922085733385692,True,False,False,False,False,False,False,False,False,False,False,False,False,False,False,False,False,False,False,False,False,False,False,False,False,False,False,False,False,False,False,False,False
25.65,0.581,5.986,88.4,19.1,0.15616579098344338,1.096242817019375,5.241747015059643,2.7606426512213806,True,False,False,False,False,False,False,False,False,False,False,False,False,False,False,False,False,False,False,False,False,False,False,False,False,False,False,False,False,False,False,False,False
25.65,0.581,5.613,95.6,19.1,0.3273954526862417,1.0142156720293598,5.241747015059643,3.3414473772563813,True,False,False,False,False,False,False,False,False,False,False,False,False,False,False,False,False,False,False,False,False,False,False,False,False,False,False,False,False,False,False,False,False
21.89,0.624,5.693,96.0,21.2,0.23043689014167512,1.025432091126597,6.082218910376446,2.900871992530031,False,False,True,False,False,False,False,False,False,False,False,False,False,False,False,False,False,False,False,False,False,False,False,False,False,False,False,False,False,False,False,False,False
21.89,0.624,6.431,98.8,21.2,0.2817369350921532,1.0340737675305385,6.082218910376446,2.7966713927557385,False,False,True,False,False,False,False,False,False,False,False,False,False,False,False,False,False,False,False,False,False,False,False,False,False,False,False,False,False,False,False,False,False
21.89,0.624,5.637,94.7,21.2,0.6319364495150488,1.091889742907283,6.082218910376446,2.9621754900251482,False,False,True,False,False,False,False,False,False,False,False,False,False,False,False,False,False,False,False,False,False,False,False,False,False,False,False,False,False,False,False,False,False
21.89,0.624,6.458,98.9,21.2,0.29271438907980246,1.1373521169840404,6.082218910376446,2.6100697927420065,False,False,True,False,False,False,False,False,False,False,False,False,False,False,False,False,False,False,False,False,False,False,False,False,False,False,False,False,False,False,False,False,False
21.89,0.624,6.326,97.7,21.2,0.7852431092803437,1.1850957485562468,6.082218910376446,2.5847519847577165,False,False,True,False,False,False,False,False,False,False,False,False,False,False,False,False,False,False,False,False,False,False,False,False,False,False,False,False,False,False,False,False,False
21.89,0.624,6.372,97.9,21.2,0.46376546227858856,1.2021912182435053,6.082218910376446,2.4948569806411682,False,False,True,False,False,False,False,False,False,False,False,False,False,False,False,False,False,False,False,False,False,False,False,False,False,False,False,False,False,False,False,False,False
21.89,0.624,5.822,95.4,21.2,0.2850435947287374,1.2441257750997043,6.082218910376446,2.7744619666214616,False,False,True,False,False,False,False,False,False,False,False,False,False,False,False,False,False,False,False,False,False,False,False,False,False,False,False,False,False,False,False,False,False
21.89,0.624,5.757,98.4,21.2,0.6811606280137663,1.2077656025646322,6.082218910376446,2.907447358686419,False,False,True,False,False,False,False,False,False,False,False,False,False,False,False,False,False,False,False,False,False,False,False,False,False,False,False,False,False,False,False,False,False
21.89,0.624,6.335,98.2,21.2,0.44326173080273074,1.1348477812502051,6.082218910376446,2.8881470628740535,False,False,True,False,False,False,False,False,False,False,False,False,False,False,False,False,False,False,False,False,False,False,False,False,False,False,False,False,False,False,False,False,False
21.89,0.624,5.942,93.5,21.2,0.2796297392609525,1.0875176366624961,6.082218910376446,2.884800712846709,False,False,True,False,False,False,False,False,False,False,False,False,False,False,False,False,False,False,False,False,False,False,False,False,False,False,False,False,False,False,False,False,False
21.89,0.624,6.454,98.4,21.2,0.3018290306776389,1.0472488163795515,6.082218910376446,2.7466296830696852,False,False,True,False,False,False,False,False,False,False,False,False,False,False,False,False,False,False,False,False,False,False,False,False,False,False,False,False,False,False,False,False,False
21.89,0.624,5.857,98.2,21.2,0.22298353851284425,0.9815539903261833,6.082218910376446,3.1054831375131102,False,False,True,False,False,False,False,False,False,False,False,False,False,False,False,False,False,False,False,False,False,False,False,False,False,False,False,False,False,False,False,False,False
21.89,0.624,6.151,97.9,21.2,0.43471318246714963,0.9815914624562909,6.082218910376446,2.968361076757859,False,False,True,False,False,False,False,False,False,False,False,False,False,False,False,False,False,False,False,False,False,False,False,False,False,False,False,False,False,False,False,False,False
21.89,0.624,6.174,93.6,21.2,0.2553396495305266,0.9600779258420978,6.082218910376446,3.22525543183224,False,False,True,False,False,False,False,False,False,False,False,False,False,False,False,False,False,False,False,False,False,False,False,False,False,False,False,False,False,False,False,False,False
21.89,0.624,5.019,100.0,21.2,0.9664666021758896,0.8917521074270008,6.082218910376446,3.566994266123812,False,False,True,False,False,False,False,False,False,False,False,False,False,False,False,False,False,False,False,False,False,False,False,False,False,False,False,False,False,False,False,False,False
19.58,0.871,5.403,100.0,14.7,1.4634984282783583,0.8422566031477864,6.0014148779611505,3.325755186495297,False,False,False,True,False,False,False,False,False,False,False,False,False,False,False,False,False,False,False,False,False,False,False,False,False,False,False,False,False,False,False,False,False
19.58,0.871,5.468,100.0,14.7,1.6287306058145095,0.8803733566873551,6.0014148779611505,3.3112726741341683,False,False,False,True,False,False,False,False,False,False,False,False,False,False,False,False,False,False,False,False,False,False,False,False,False,False,False,False,False,False,False,False,False
19.58,0.871,4.903,97.8,14.7,1.3296552241970494,0.8526691235768302,6.0014148779611505,3.410817625039146,False,False,False,True,False,False,False,False,False,False,False,False,False,False,False,False,False,False,False,False,False,False,False,False,False,False,False,False,False,False,False,False,False
19.58,0.871,6.13,100.0,14.7,1.2176804241557975,0.8833955701698857,6.0014148779611505,3.3603753871419,False,False,False,True,False,False,False,False,False,False,False,False,False,False,False,False,False,False,False,False,False,False,False,False,False,False,False,False,False,False,False,False,False
19.58,0.871,5.628,100.0,14.7,1.1490043437281394,0.9229087841757304,6.0014148779611505,2.8707357833793057,False,False,False,True,False,False,False,False,False,False,False,False,False,False,False,False,False,False,False,False,False,False,False,False,False,False,False,False,False,False,False,False,False
19.58,0.871,4.926,95.7,14.7,1.2145031649491107,0.9004865003291879,6.0014148779611505,3.4187098067467865,False,False,False,True,False,False,False,False,False,False,False,False,False,False,False,False,False,False,False,False,False,False,False,False,False,False,False,False,False,False,False,False,False
19.58,0.871,5.186,93.8,14.7,1.2032695571055652,0.9280611874730705,6.0014148779611505,3.3782698770184507,False,False,False,True,False,False,False,False,False,False,False,False,False,False,False,False,False,False,False,False,False,False,False,False,False,False,False,False,False,False,False,False,False
19.58,0.871,5.597,94.9,14.7,1.317472010807663,0.9265182520295909,6.0014148779611505,3.1112906141882632,False,False,False,True,False,False,False,False,False,False,False,False,False,False,False,False,False,False,False,False,False,False,False,False,False,False,False,False,False,False,False,False,False
19.58,0.871,6.122,97.3,14.7,0.977047109716266,0.9624106674877082,6.0014148779611505,2.714694743820879,False,False,False,True,False,False,False,False,False,False,False,False,False,False,False,False,False,False,False,False,False,False,False,False,False,False,False,False,False,False,False,False,False
19.58,0.871,5.404,100.0,14.7,0.9148176474178114,0.9522754455936652,6.0014148779611505,2.658859956911438,False,False,False,True,False,False,False,False,False,False,False,False,False,False,False,False,False,False,False,False,False,False,False,False,False,False,False,False,False,False,False,False,False
19.58,0.871,5.012,88.0,14.7,0.754515055507092,0.9594268467512903,6.0014148779611505,2.574137783515943,False,False,False,True,False,False,False,False,False,False,False,False,False,False,False,False,False,False,False,False,False,False,False,False,False,False,False,False,False,False,False,False,False
19.58,0.871,5.709,98.5,14.7,1.1471421014887528,0.9643949465483015,6.0014148779611505,2.8207834710894493,False,False,False,True,False,False,False,False,False,False,False,False,False,False,False,False,False,False,False,False,False,False,False,False,False,False,False,False,False,False,False,False,False
19.58,0.871,6.129,96.0,14.7,0.8812229832136547,1.0113827060551825,6.0014148779611505,2.780060737078482,False,False,False,True,False,False,False,False,False,False,False,False,False,False,False,False,False,False,False,False,False,False,False,False,False,False,False,False,False,False,False,False,False
19.58,0.871,6.152,82.6,14.7,1.5118272886363335,1.0099632077367902,6.0014148779611505,2.7738379416402132,False,False,False,True,False,False,False,False,False,False,False,False,False,False,False,False,False,False,False,False,False,False,False,False,False,False,False,False,False,False,False,False,False
19.58,0.871,5.272,94.0,14.7,1.2374114488766446,1.0066431879047057,6.0014148779611505,2.8414149131696336,False,False,False,True,False,False,False,False,False,False,False,False,False,False,False,False,False,False,False,False,False,False,False,False,False,False,False,False,False,False,False,False,False
19.58,0.605,6.943,97.4,14.7,0.7991185096332698,1.056852354419878,6.0014148779611505,1.7209792871670078,False,False,False,True,False,False,False,False,False,False,False,False,False,False,False,False,False,False,False,False,False,False,False,False,False,False,False,False,False,False,False,False,False
19.58,0.605,6.066,100.0,14.7,0.8513638686748988,1.0142519400500365,6.0014148779611505,2.005525858729668,False,False,False,True,False,False,False,False,False,False,False,False,False,False,False,False,False,False,False,False,False,False,False,False,False,False,False,False,False,False,False,False,False
19.58,0.871,6.51,100.0,14.7,0.8858397717781171,1.0173660792990713,6.0014148779611505,2.127040520479115,False,False,False,True,False,False,False,False,False,False,False,False,False,False,False,False,False,False,False,False,False,False,False,False,False,False,False,False,False,False,False,False,False
19.58,0.605,6.25,92.6,14.7,0.8213029001101178,1.0290478252822006,6.0014148779611505,1.8718021769015913,False,False,False,True,False,False,False,False,False,False,False,False,False,False,False,False,False,False,False,False,False,False,False,False,False,False,False,False,False,False,False,False,False
19.58,0.605,7.489,90.8,14.7,0.9015262716731895,1.0888649372132297,6.0014148779611505,1.0043016091968684,False,False,False,True,False,False,False,False,False,False,False,False,False,False,False,False,False,False,False,False,False,False,False,False,False,False,False,False,False,False,False,False,False
19.58,0.605,7.802,98.2,14.7,1.0416079806003153,1.1120877520695331,6.0014148779611505,1.0715836162801904,False,False,False,True,False,False,False,False,False,False,False,False,False,False,False,False,False,False,False,False,False,False,False,False,False,False,False,False,False,False,False,False,False
19.58,0.605,8.375,93.9,14.7,0.9238699369975489,1.1512047387872804,6.0014148779611505,1.463255402256019,False,False,False,True,False,False,False,False,False,False,False,False,False,False,False,False,False,False,False,False,False,False,False,False,False,False,False,False,False,False,False,False,False
19.58,0.605,5.854,91.8,14.7,1.176301459715032,1.2302251754700018,6.0014148779611505,2.5368663887187113,False,False,False,True,False,False,False,False,False,False,False,False,False,False,False,False,False,False,False,False,False,False,False,False,False,False,False,False,False,False,False,False,False
19.58,0.605,6.101,93.0,14.7,1.3671115417031166,1.1888794708782808,6.0014148779611505,2.3804716316511167,False,False,False,True,False,False,False,False,False,False,False,False,False,False,False,False,False,False,False,False,False,False,False,False,False,False,False,False,False,False,False,False,False
19.58,0.605,7.929,96.2,14.7,1.1020031996922046,1.1137964239931497,6.0014148779611505,1.547562508716013,False,False,False,True,False,False,False,False,False,False,False,False,False,False,False,False,False,False,False,False,False,False,False,False,False,False,False,False,False,False,False,False,False
19.58,0.605,5.877,79.2,14.7,1.0297194121814914,1.2313642109178486,6.0014148779611505,2.5756610130564646,False,False,False,True,False,False,False,False,False,False,False,False,False,False,False,False,False,False,False,False,False,False,False,False,False,False,False,False,False,False,False,False,False
19.58,0.605,6.319,96.1,14.7,1.194043673248051,1.1314021114911006,6.0014148779611505,2.4932054526026954,False,False,False,True,False,False,False,False,False,False,False,False,False,False,False,False,False,False,False,False,False,False,False,False,False,False,False,False,False,False,False,False,False
19.58,0.605,6.402,95.2,14.7,1.2382379898788045,1.1824937726488118,6.0014148779611505,2.511223958105374,False,False,False,True,False,False,False,False,False,False,False,False,False,False,False,False,False,False,False,False,False,False,False,False,False,False,False,False,False,False,False,False,False
19.58,0.605,5.875,94.6,14.7,0.7918244127486899,1.2313642109178486,6.0014148779611505,2.7363136663750693,False,False,False,True,False,False,False,False,False,False,False,False,False,False,False,False,False,False,False,False,False,False,False,False,False,False,False,False,False,False,False,False,False
19.58,0.605,5.88,97.3,14.7,1.1981257435340087,1.220446367018825,6.0014148779611505,2.567254391136754,False,False,False,True,False,False,False,False,False,False,False,False,False,False,False,False,False,False,False,False,False,False,False,False,False,False,False,False,False,False,False,False,False
4.05,0.51,5.572,88.5,16.6,0.13027359174921221,1.2798499248990267,5.6937321388027,2.753023566744941,False,False,False,True,False,False,False,False,False,False,False,False,False,False,False,False,False,False,False,False,False,False,False,False,False,False,False,False,False,False,False,False,False
4.05,0.51,6.416,84.1,16.6,0.08780939182440828,1.293712954824322,5.6937321388027,2.306577114263583,False,False,False,True,False,False,False,False,False,False,False,False,False,False,False,False,False,False,False,False,False,False,False,False,False,False,False,False,False,False,False,False,False
4.05,0.51,5.859,68.7,16.6,0.08109138838488845,1.3088462013607478,5.6937321388027,2.3646204839134985,False,False,False,True,False,False,False,False,False,False,False,False,False,False,False,False,False,False,False,False,False,False,False,False,False,False,False,False,False,False,False,False,False
4.05,0.51,6.546,33.1,16.6,0.06451352082506596,1.4188341526876722,5.6937321388027,1.8453002361560848,False,False,False,True,False,False,False,False,False,False,False,False,False,False,False,False,False,False,False,False,False,False,False,False,False,False,False,False,False,False,False,False,False
4.05,0.51,6.02,47.2,16.6,0.06786423481612996,1.5162035765741146,5.6937321388027,2.4078456036515385,False,False,False,True,False,False,False,False,False,False,False,False,False,False,False,False,False,False,False,False,False,False,False,False,False,False,False,False,False,False,False,False,False
4.05,0.51,6.315,73.4,16.6,0.05282961364453219,1.4626765310386967,5.6937321388027,1.986503546020567,False,False,False,True,False,False,False,False,False,False,False,False,False,False,False,False,False,False,False,False,False,False,False,False,False,False,False,False,False,False,False,False,False
4.05,0.51,6.86,74.4,16.6,0.06430724439516707,1.3648919548594545,5.6937321388027,2.0693912058263346,False,False,False,True,False,False,False,False,False,False,False,False,False,False,False,False,False,False,False,False,False,False,False,False,False,False,False,False,False,False,False,False,False
2.46,0.488,6.98,58.4,17.8,0.05619127964974249,1.3426036724951576,5.267858159063328,1.7984040119467235,False,True,False,False,False,False,False,False,False,False,False,False,False,False,False,False,False,False,False,False,False,False,False,False,False,False,False,False,False,False,False,False,False
2.46,0.488,7.765,83.3,17.8,0.06380074905066188,1.319352955366009,5.267858159063328,2.1471001901536506,False,True,False,False,False,False,False,False,False,False,False,False,False,False,False,False,False,False,False,False,False,False,False,False,False,False,False,False,False,False,False,False,False
2.46,0.488,6.144,62.2,17.8,0.06661137129850153,1.280350341923648,5.267858159063328,2.34660197841082,False,True,False,False,False,False,False,False,False,False,False,False,False,False,False,False,False,False,False,False,False,False,False,False,False,False,False,False,False,False,False,False,False
2.46,0.488,7.155,92.2,17.8,0.087122204181403,1.3084949686654788,5.267858159063328,1.7613002617433464,False,True,False,False,False,False,False,False,False,False,False,False,False,False,False,False,False,False,False,False,False,False,False,False,False,False,False,False,False,False,False,False,False
2.46,0.488,6.563,95.6,17.8,0.09538290443255226,1.347293623770158,5.267858159063328,1.8991179875485542,False,True,False,False,False,False,False,False,False,False,False,False,False,False,False,False,False,False,False,False,False,False,False,False,False,False,False,False,False,False,False,False,False
2.46,0.488,5.604,89.8,17.8,0.07980883417341514,1.383264776559526,5.267858159063328,2.7067159780890733,False,True,False,False,False,False,False,False,False,False,False,False,False,False,False,False,False,False,False,False,False,False,False,False,False,False,False,False,False,False,False,False,False
2.46,0.488,6.153,68.8,17.8,0.058712206079331676,1.4538829136791003,5.267858159063328,2.649714624089247,False,True,False,False,False,False,False,False,False,False,False,False,False,False,False,False,False,False,False,False,False,False,False,False,False,False,False,False,False,False,False,False,False
2.46,0.488,7.831,53.6,17.8,0.05450712449866107,1.4348940309559528,5.267858159063328,1.6956156086751528,False,True,False,False,False,False,False,False,False,False,False,False,False,False,False,False,False,False,False,False,False,False,False,False,False,False,False,False,False,False,False,False,False
3.44,0.437,6.782,41.1,15.2,0.07580296341550066,1.5662380931278812,5.988961416889864,2.038619547159581,False,False,False,True,False,False,False,False,False,False,False,False,False,False,False,False,False,False,False,False,False,True,False,False,False,False,False,False,False,False,False,False,False
3.44,0.437,6.556,29.1,15.2,0.11848501143594592,1.7168024187606237,5.988961416889864,1.715598108262491,False,False,False,True,False,False,False,False,False,False,False,False,False,False,False,False,False,False,False,False,False,True,False,False,False,False,False,False,False,False,False,False,False
3.44,0.437,7.185,38.9,15.2,0.08038111194681245,1.7168024187606237,5.988961416889864,1.8547342683894434,False,False,False,True,False,False,False,False,False,False,False,False,False,False,False,False,False,False,False,False,False,True,False,False,False,False,False,False,False,False,False,False,False
3.44,0.437,6.951,21.5,15.2,0.08680135493654229,2.012206053661006,5.988961416889864,1.8082887711792655,False,False,False,True,False,False,False,False,False,False,False,False,False,False,False,False,False,False,False,False,False,True,False,False,False,False,False,False,False,False,False,False,False
3.44,0.437,6.739,30.8,15.2,0.06682652665553059,2.012206053661006,5.988961416889864,1.7387102481382397,False,False,False,True,False,False,False,False,False,False,False,False,False,False,False,False,False,False,False,False,False,True,False,False,False,False,False,False,False,False,False,False,False
3.44,0.437,7.178,26.3,15.2,0.08309036653209825,2.012206053661006,5.988961416889864,1.3532545070416904,False,False,False,True,False,False,False,False,False,False,False,False,False,False,False,False,False,False,False,False,False,True,False,False,False,False,False,False,False,False,False,False,False
2.93,0.401,6.8,9.9,15.6,0.021634282125149704,1.9767995497079562,5.583496308781699,1.7967470107390942,False,False,False,False,False,False,False,False,False,False,False,False,False,False,False,False,False,False,False,False,False,False,False,False,True,False,False,False,False,False,False,False,False
2.93,0.401,6.604,18.8,15.6,0.01428744660806955,1.9767995497079562,5.583496308781699,1.682688374173693,False,False,False,False,False,False,False,False,False,False,False,False,False,False,False,False,False,False,False,False,False,False,False,False,True,False,False,False,False,False,False,False,False
0.46,0.422,7.875,32.0,14.4,0.01371551088594122,1.8943762242148179,5.545177444479562,1.3787660946990992,False,False,True,False,False,False,False,False,False,False,False,False,False,False,False,False,False,False,False,False,False,False,False,False,False,False,False,True,False,False,False,False,False
1.52,0.404,7.287,34.1,12.6,0.039326476790879826,2.1173392646828444,5.799092654460526,1.6253112615903906,True,False,False,False,False,False,False,False,False,False,False,False,False,False,False,False,False,False,False,False,False,False,False,False,False,False,False,True,False,False,False,False,False
1.52,0.404,7.107,36.6,12.6,0.04560414180501583,2.1173392646828444,5.799092654460526,2.262804222982201,True,False,False,False,False,False,False,False,False,False,False,False,False,False,False,False,False,False,False,False,False,False,False,False,False,False,False,True,False,False,False,False,False
1.52,0.404,7.274,38.3,12.6,0.036987452050280596,2.1173392646828444,5.799092654460526,2.030776369698555,True,False,False,False,False,False,False,False,False,False,False,False,False,False,False,False,False,False,False,False,False,False,False,False,False,False,False,True,False,False,False,False,False
1.47,0.403,6.975,15.3,17.0,0.03101405352916946,2.1579523072983493,5.998936561946683,1.715598108262491,False,True,False,False,False,False,False,False,False,False,False,False,False,False,False,False,False,False,False,False,False,False,False,False,False,False,False,False,False,False,False,True,False
1.47,0.403,7.135,13.9,17.0,0.017623784753549428,2.1579523072983493,5.998936561946683,1.6956156086751528,False,True,False,False,False,False,False,False,False,False,False,False,False,False,False,False,False,False,False,False,False,False,False,False,False,False,False,False,False,False,False,True,False
2.03,0.415,6.162,38.4,14.7,0.0338698845076152,1.9837562915454279,5.855071922202427,2.131796772013764,True,False,False,False,False,False,False,False,False,False,False,False,False,False,False,False,False,False,False,False,False,False,False,False,False,False,False,False,True,False,False,False,False
2.03,0.415,7.61,15.7,14.7,0.021536417530524612,1.9837562915454279,5.855071922202427,1.413423028508143,True,False,False,False,False,False,False,False,False,False,False,False,False,False,False,False,False,False,False,False,False,False,False,False,False,False,False,False,True,False,False,False,False
2.68,0.4161,7.853,33.2,14.7,0.034498040407567446,1.8112352457287118,5.41610040220442,1.57069708411767,False,False,True,False,False,False,False,False,False,False,False,False,False,False,False,False,False,False,False,False,False,False,False,False,False,False,False,False,False,False,False,True,False
2.68,0.4161,8.034,31.9,14.7,0.019890858697792765,1.8112352457287118,5.41610040220442,1.355835153635182,False,False,True,False,False,False,False,False,False,False,False,False,False,False,False,False,False,False,False,False,False,False,False,False,False,False,False,False,False,False,False,True,False
10.59,0.489,5.891,22.3,18.6,0.12788297027984558,1.5984578515909371,5.627621113690637,2.4740142086215764,False,False,True,False,False,False,False,False,False,False,False,False,False,False,False,False,False,False,False,False,False,False,False,False,False,False,False,False,False,False,False,False,False
10.59,0.489,6.326,52.5,18.6,0.20676210509846787,1.678012029589027,5.627621113690637,2.482403519569882,False,False,True,False,False,False,False,False,False,False,False,False,False,False,False,False,False,False,False,False,False,False,False,False,False,False,False,False,False,False,False,False,False
10.59,0.489,5.783,72.7,18.6,0.22473428542556148,1.678012029589027,5.627621113690637,2.947591898226056,False,False,True,False,False,False,False,False,False,False,False,False,False,False,False,False,False,False,False,False,False,False,False,False,False,False,False,False,False,False,False,False,False
10.59,0.489,6.064,59.1,18.6,0.12739887713087175,1.6561688149217069,5.627621113690637,2.751109690562657,False,False,True,False,False,False,False,False,False,False,False,False,False,False,False,False,False,False,False,False,False,False,False,False,False,False,False,False,False,False,False,False,False
10.59,0.489,5.344,100.0,18.6,0.3616595003706892,1.5841201044498106,5.627621113690637,3.18179681662678,False,False,True,False,False,False,False,False,False,False,False,False,False,False,False,False,False,False,False,False,False,False,False,False,False,False,False,False,False,False,False,False,False
10.59,0.489,5.96,92.1,18.6,0.1608084674913248,1.584550780926151,5.627621113690637,2.9052603703899154,False,False,True,False,False,False,False,False,False,False,False,False,False,False,False,False,False,False,False,False,False,False,False,False,False,False,False,False,False,False,False,False,False
10.59,0.489,5.404,88.6,18.6,0.31902084300745703,1.5400878342993072,5.627621113690637,3.2180755046974316,False,False,True,False,False,False,False,False,False,False,False,False,False,False,False,False,False,False,False,False,False,False,False,False,False,False,False,False,False,False,False,False,False
10.59,0.489,5.807,53.8,18.6,0.19654492343019744,1.5374262031238064,5.627621113690637,2.834976494674597,False,False,True,False,False,False,False,False,False,False,False,False,False,False,False,False,False,False,False,False,False,False,False,False,False,False,False,False,False,False,False,False,False
10.59,0.489,6.375,32.3,18.6,0.1314842987568961,1.5984578515909371,5.627621113690637,2.3398808777377424,False,False,True,False,False,False,False,False,False,False,False,False,False,False,False,False,False,False,False,False,False,False,False,False,False,False,False,False,False,False,False,False,False
10.59,0.489,5.412,9.8,18.6,0.2542933203064257,1.5233352133806888,5.627621113690637,3.4193646856176043,False,False,True,False,False,False,False,False,False,False,False,False,False,False,False,False,False,False,False,False,False,False,False,False,False,False,False,False,False,False,False,False,False
10.59,0.489,6.182,42.4,18.6,0.18067019404472417,1.5984578515909371,5.627621113690637,2.3485140248824456,False,False,True,False,False,False,False,False,False,False,False,False,False,False,False,False,False,False,False,False,False,False,False,False,False,False,False,False,False,False,False,False,False
13.89,0.55,5.888,56.0,16.4,0.04459088332787514,1.413933846923308,5.6240175061873385,2.6748380668960965,False,False,False,True,False,False,False,False,False,False,False,False,False,False,False,False,False,False,False,False,False,False,False,False,False,False,False,False,False,False,False,False,False
13.89,0.55,6.642,85.1,16.4,0.06778013642095809,1.4863885339051899,5.6240175061873385,2.3693087250369538,False,False,False,True,False,False,False,False,False,False,False,False,False,False,False,False,False,False,False,False,False,False,False,False,False,False,False,False,False,False,False,False,False
13.89,0.55,5.951,93.8,16.4,0.1049814438191745,1.3582291928515473,5.6240175061873385,2.9402195636237325,False,False,False,True,False,False,False,False,False,False,False,False,False,False,False,False,False,False,False,False,False,False,False,False,False,False,False,False,False,False,False,False,False
13.89,0.55,6.373,92.4,16.4,0.10818153284452815,1.4732286518051143,5.6240175061873385,2.4423470353692043,False,False,False,True,False,False,False,False,False,False,False,False,False,False,False,False,False,False,False,False,False,False,False,False,False,False,False,False,False,False,False,False,False
6.2,0.507,6.951,88.5,17.4,0.3060793008727377,1.3511075010305078,5.730099782973574,2.3711778844596574,False,False,False,False,False,False,True,False,False,False,False,False,False,False,False,False,False,False,False,False,False,False,False,False,False,False,False,False,False,False,False,False,False
6.2,0.507,6.164,91.3,17.4,0.341964270612869,1.3982229319851645,5.730099782973574,3.111735949310297,False,False,False,False,False,False,True,False,False,False,False,False,False,False,False,False,False,False,False,False,False,False,False,False,False,False,False,False,False,False,False,False,False
6.2,0.507,6.879,77.7,17.4,0.4846212690691169,1.4521055096236255,5.730099782973574,2.391511302188447,False,False,False,False,False,False,True,False,False,False,False,False,False,False,False,False,False,False,False,False,False,False,False,False,False,False,False,False,False,False,False,False,False
6.2,0.507,6.618,80.8,17.4,0.47914918090543834,1.4521055096236255,5.730099782973574,2.151762203259462,False,False,False,False,False,False,True,False,False,False,False,False,False,False,False,False,False,False,False,False,False,False,False,False,False,False,False,False,False,False,False,False,False
6.2,0.504,8.266,78.3,17.4,0.2740875847172427,1.359539623811071,5.730099782973574,1.6370530794670737,False,False,False,False,False,False,True,False,False,False,False,False,False,False,False,False,False,False,False,False,False,False,False,False,False,False,False,False,False,False,False,False,False
6.2,0.504,8.725,83.0,17.4,0.4232591836664219,1.359539623811071,5.730099782973574,1.728109442151599,False,False,False,False,False,False,True,False,False,False,False,False,False,False,False,False,False,False,False,False,False,False,False,False,False,False,False,False,False,False,False,False,False
6.2,0.504,8.04,86.5,17.4,0.32363302267493305,1.4388156512119903,5.730099782973574,1.4182774069729414,False,False,False,False,False,False,True,False,False,False,False,False,False,False,False,False,False,False,False,False,False,False,False,False,False,False,False,False,False,False,False,False,False
6.2,0.504,7.163,79.9,17.4,0.3452762246773023,1.4388156512119903,5.730099782973574,1.9960599327407849,False,False,False,False,False,False,True,False,False,False,False,False,False,False,False,False,False,False,False,False,False,False,False,False,False,False,False,False,False,False,False,False,False
6.2,0.504,7.686,17.0,17.4,0.2609709866142154,1.4759293766912143,5.730099782973574,1.5933085305042167,False,False,False,False,False,False,True,False,False,False,False,False,False,False,False,False,False,False,False,False,False,False,False,False,False,False,False,False,False,False,False,False,False
6.2,0.504,6.552,21.4,17.4,0.36587846134267826,1.4759293766912143,5.730099782973574,1.5602476682433286,False,False,False,False,False,False,True,False,False,False,False,False,False,False,False,False,False,False,False,False,False,False,False,False,False,False,False,False,False,False,False,False,False
6.2,0.504,5.981,68.1,17.4,0.4298324645564588,1.5414802192508732,5.730099782973574,2.5376572151735295,False,False,False,False,False,False,True,False,False,False,False,False,False,False,False,False,False,False,False,False,False,False,False,False,False,False,False,False,False,False,False,False,False
6.2,0.504,7.412,76.9,17.4,0.3804617805842404,1.5414802192508732,5.730099782973574,1.8325814637483102,False,False,False,False,False,False,True,False,False,False,False,False,False,False,False,False,False,False,False,False,False,False,False,False,False,False,False,False,False,False,False,False,False
6.2,0.507,8.337,73.3,17.4,0.4544393823124307,1.5765840875630222,5.730099782973574,1.244154593958768,False,False,False,False,False,False,True,False,False,False,False,False,False,False,False,False,False,False,False,False,False,False,False,False,False,False,False,False,False,False,False,False,False
6.2,0.507,8.247,70.4,17.4,0.2862835950379259,1.5372757382946762,5.730099782973574,1.599387576580599,False,False,False,False,False,False,True,False,False,False,False,False,False,False,False,False,False,False,False,False,False,False,False,False,False,False,False,False,False,False,False,False,False
6.2,0.507,6.726,66.5,17.4,0.37012113733570884,1.5372757382946762,5.730099782973574,2.2027647577118348,False,False,False,False,False,False,True,False,False,False,False,False,False,False,False,False,False,False,False,False,False,False,False,False,False,False,False,False,False,False,False,False,False
6.2,0.507,6.086,61.5,17.4,0.2855172308722698,1.5372757382946762,5.730099782973574,2.474856313934499,False,False,False,False,False,False,True,False,False,False,False,False,False,False,False,False,False,False,False,False,False,False,False,False,False,False,False,False,False,False,False,False,False
6.2,0.507,6.631,76.5,17.4,0.41909184102282127,1.63860828973388,5.730099782973574,2.355177543113216,False,False,False,False,False,False,True,False,False,False,False,False,False,False,False,False,False,False,False,False,False,False,False,False,False,False,False,False,False,False,False,False,False
6.2,0.507,7.358,71.6,17.4,0.4133208375737469,1.63860828973388,5.730099782973574,1.7457155307266483,False,False,False,False,False,False,True,False,False,False,False,False,False,False,False,False,False,False,False,False,False,False,False,False,False,False,False,False,False,False,False,False,False
4.93,0.428,6.481,18.5,16.6,0.07921775210662887,1.9726772634303937,5.707110264748875,1.9960599327407849,False,False,False,False,True,False,False,False,False,False,False,False,False,False,False,False,True,False,False,False,False,False,False,False,False,False,False,False,False,False,False,False,False
4.93,0.428,6.606,42.2,16.6,0.08848695445619936,1.9726772634303937,5.707110264748875,2.124653884501384,False,False,False,False,True,False,False,False,False,False,False,False,False,False,False,False,True,False,False,False,False,False,False,False,False,False,False,False,False,False,False,False,False
4.93,0.428,6.897,54.3,16.6,0.10731959540732398,1.9928073662680181,5.707110264748875,2.5160822672564502,False,False,False,False,True,False,False,False,False,False,False,False,False,False,False,False,True,False,False,False,False,False,False,False,False,False,False,False,False,False,False,False,False
4.93,0.428,6.095,65.1,16.6,0.10085839631038275,1.9928073662680181,5.707110264748875,2.5952547069568657,False,False,False,False,True,False,False,False,False,False,False,False,False,False,False,False,True,False,False,False,False,False,False,False,False,False,False,False,False,False,False,False,False
4.93,0.428,6.358,52.9,16.6,0.09794307432996419,2.0838692250069877,5.707110264748875,2.503073953743449,False,False,False,False,True,False,False,False,False,False,False,False,False,False,False,False,True,False,False,False,False,False,False,False,False,False,False,False,False,False,False,False,False
4.93,0.428,6.393,7.8,16.6,0.12006487472475483,2.0838692250069877,5.707110264748875,1.8229350866965048,False,False,False,False,True,False,False,False,False,False,False,False,False,False,False,False,True,False,False,False,False,False,False,False,False,False,False,False,False,False,False,False,False
5.86,0.431,5.593,76.5,19.1,0.18737543109663357,2.192200868504484,5.802118375377063,2.6026896854443837,False,False,False,False,False,True,False,False,False,False,False,False,False,True,False,False,False,False,False,False,False,False,False,False,False,False,False,False,False,False,False,False,False
5.86,0.431,5.605,70.2,19.1,0.17507033007976175,2.192200868504484,5.802118375377063,2.968361076757859,False,False,False,False,False,True,False,False,False,False,False,False,False,True,False,False,False,False,False,False,False,False,False,False,False,False,False,False,False,False,False,False,False
5.86,0.431,6.108,34.9,19.1,0.2925427402430482,2.2033723079224536,5.802118375377063,2.318458442150336,False,False,False,False,False,True,False,False,False,False,False,False,False,True,False,False,False,False,False,False,False,False,False,False,False,False,False,False,False,False,False,False,False
5.86,0.431,6.226,79.2,19.1,0.1794591306249127,2.2033723079224536,5.802118375377063,2.411439497906128,False,False,False,False,False,True,False,False,False,False,False,False,False,True,False,False,False,False,False,False,False,False,False,False,False,False,False,False,False,False,False,False,False
5.86,0.431,6.433,49.1,19.1,0.1521973447384029,2.1777585600472005,5.802118375377063,2.3532782073095637,False,False,False,False,False,True,False,False,False,False,False,False,False,True,False,False,False,False,False,False,False,False,False,False,False,False,False,False,False,False,False,False,False
5.86,0.431,6.718,17.5,19.1,0.17456656442088753,2.1777585600472005,5.802118375377063,2.0228711901914416,False,False,False,False,False,True,False,False,False,False,False,False,False,True,False,False,False,False,False,False,False,False,False,False,False,False,False,False,False,False,False,False,False
5.86,0.431,6.487,13.0,19.1,0.13129138568117568,2.1278387715178266,5.802118375377063,1.9315214116032138,False,False,False,False,False,True,False,False,False,False,False,False,False,True,False,False,False,False,False,False,False,False,False,False,False,False,False,False,False,False,False,False,False
5.86,0.431,6.438,8.9,19.1,0.19399482498004605,2.1278387715178266,5.802118375377063,1.5238800240724537,False,False,False,False,False,True,False,False,False,False,False,False,False,True,False,False,False,False,False,False,False,False,False,False,False,False,False,False,False,False,False,False,False
5.86,0.431,6.957,6.8,19.1,0.07900524661995385,2.2932112959133386,5.802118375377063,1.5107219394949425,False,False,False,False,False,True,False,False,False,False,False,False,False,True,False,False,False,False,False,False,False,False,False,False,False,False,False,False,False,False,False,False,False
5.86,0.431,8.259,8.4,19.1,0.3140367177344588,2.2932112959133386,5.802118375377063,1.5129270120532565,False,False,False,False,False,True,False,False,False,False,False,False,False,True,False,False,False,False,False,False,False,False,False,False,False,False,False,False,False,False,False,False,False
3.64,0.392,6.108,32.0,16.4,0.04706486717633035,2.3243759385521683,5.755742213586912,2.0241930674493576,False,False,False,False,False,False,False,False,False,False,False,False,False,False,False,False,False,False,False,False,False,False,False,False,False,False,False,True,False,False,False,False,False
3.64,0.392,5.876,19.1,16.4,0.034865087326079396,2.3243759385521683,5.755742213586912,2.327277705584417,False,False,False,False,False,False,False,False,False,False,False,False,False,False,False,False,False,False,False,False,False,False,False,False,False,False,False,True,False,False,False,False,False
3.75,0.394,7.454,34.2,15.9,0.01526292666591237,1.9928073662680181,5.501258210544727,1.413423028508143,False,True,False,False,False,False,False,False,False,False,False,False,False,False,False,False,False,False,False,False,False,False,False,False,False,False,False,False,False,False,True,False,False
3.97,0.647,8.704,86.9,13.0,0.47719024356009226,1.0299764962779716,5.579729825986222,1.8115620965242347,False,False,False,True,False,False,False,False,False,False,False,True,False,False,False,False,False,False,False,False,False,False,False,False,False,False,False,False,False,False,False,False,False
3.97,0.647,7.333,100.0,13.0,0.508929827880027,1.0628469322213672,5.579729825986222,2.1736147116970854,False,False,False,True,False,False,False,False,False,False,False,True,False,False,False,False,False,False,False,False,False,False,False,False,False,False,False,False,False,False,False,False,False
3.97,0.647,6.842,100.0,13.0,0.5047974910276488,1.1021726098628668,5.579729825986222,2.066862759472976,False,False,False,True,False,False,False,False,False,False,False,True,False,False,False,False,False,False,False,False,False,False,False,False,False,False,False,False,False,False,False,False,False
3.97,0.647,7.203,81.8,13.0,0.4318538424460674,1.1352977394759622,5.579729825986222,2.359910159613315,False,False,False,True,False,False,False,False,False,False,False,True,False,False,False,False,False,False,False,False,False,False,False,False,False,False,False,False,False,False,False,False,False
3.97,0.647,7.52,89.4,13.0,0.42795692674339125,1.1441591036240801,5.579729825986222,2.1114245875328868,False,False,False,True,False,False,False,False,False,False,False,True,False,False,False,False,False,False,False,False,False,False,False,False,False,False,False,False,False,False,False,False,False
3.97,0.647,8.398,91.5,13.0,0.4188024358799136,1.1904315337592686,5.579729825986222,1.9329696377795786,False,False,False,True,False,False,False,False,False,False,False,True,False,False,False,False,False,False,False,False,False,False,False,False,False,False,False,False,False,False,False,False,False
3.97,0.647,7.327,94.5,13.0,0.6017224426405977,1.1245399106780254,5.579729825986222,2.505525936990736,False,False,False,True,False,False,False,False,False,False,False,True,False,False,False,False,False,False,False,False,False,False,False,False,False,False,False,False,False,False,False,False,False
3.97,0.647,7.206,91.6,13.0,0.4383000912017374,1.0750365521394039,5.579729825986222,2.2082744135228043,False,False,False,True,False,False,False,False,False,False,False,True,False,False,False,False,False,False,False,False,False,False,False,False,False,False,False,False,False,False,False,False,False
3.97,0.647,5.56,62.8,13.0,0.5662338402369981,1.0941021331902236,5.579729825986222,2.4379897300002487,False,False,False,True,False,False,False,False,False,False,False,True,False,False,False,False,False,False,False,False,False,False,False,False,False,False,False,False,False,False,False,False,False
3.97,0.647,7.014,84.6,13.0,0.579810495220942,1.1419590931714756,5.579729825986222,2.7593768282675506,False,False,False,True,False,False,False,False,False,False,False,True,False,False,False,False,False,False,False,False,False,False,False,False,False,False,False,False,False,False,False,False,False
3.97,0.575,8.297,67.0,13.0,0.45637366182584765,1.2301082779305619,5.579729825986222,2.132982308607866,False,False,False,True,False,False,False,False,False,False,False,True,False,False,False,False,False,False,False,False,False,False,False,False,False,False,False,False,False,False,False,False,False
3.97,0.575,7.47,52.6,13.0,0.43210703905458553,1.3537711694143306,5.579729825986222,1.425515074273172,False,False,False,True,False,False,False,False,False,False,False,True,False,False,False,False,False,False,False,False,False,False,False,False,False,False,False,False,False,False,False,False,False
6.96,0.464,5.92,61.5,18.6,0.08677384878203846,1.5928002712810772,5.4116460518550396,2.6844403354630764,False,True,False,False,False,False,False,False,False,False,False,True,False,False,False,False,False,False,False,False,False,False,False,False,False,False,False,False,False,False,False,False,False
6.96,0.464,5.856,42.1,18.6,0.26171790177397086,1.6917549549233142,5.4116460518550396,2.6390573296152584,False,True,False,False,False,False,False,False,False,False,False,True,False,False,False,False,False,False,False,False,False,False,False,False,False,False,False,False,False,False,False,False,False
6.96,0.464,6.24,16.3,18.6,0.1502373183211034,1.6917549549233142,5.4116460518550396,2.0268315914075385,False,True,False,False,False,False,False,False,False,False,False,True,False,False,False,False,False,False,False,False,False,False,False,False,False,False,False,False,False,False,False,False,False
6.96,0.464,6.538,58.7,18.6,0.10849559615329891,1.5928002712810772,5.4116460518550396,2.166765369851511,False,True,False,False,False,False,False,False,False,False,False,True,False,False,False,False,False,False,False,False,False,False,False,False,False,False,False,False,False,False,False,False,False
6.96,0.464,7.691,51.8,18.6,0.2003906562548323,1.680175926939442,5.4116460518550396,2.0255131996542803,False,True,False,False,False,False,False,False,False,False,False,True,False,False,False,False,False,False,False,False,False,False,False,False,False,False,False,False,False,False,False,False,False
6.41,0.447,6.758,32.9,17.6,0.05490476516928596,1.6248387090101233,5.541263545158426,1.5107219394949425,False,False,True,False,False,False,False,False,False,False,False,False,False,False,False,False,False,False,False,False,True,False,False,False,False,False,False,False,False,False,False,False,False
6.41,0.447,6.854,42.8,17.6,0.09170368421021316,1.6615178972995361,5.541263545158426,1.3812818192963463,False,False,True,False,False,False,False,False,False,False,False,False,False,False,False,False,False,False,False,False,True,False,False,False,False,False,False,False,False,False,False,False,False
6.41,0.447,7.267,49.0,17.6,0.09956475262374566,1.7556485822156964,5.541263545158426,1.9530276168241774,False,False,True,False,False,False,False,False,False,False,False,False,False,False,False,False,False,False,False,False,True,False,False,False,False,False,False,False,False,False,False,False,False
6.41,0.447,6.826,27.6,17.6,0.059466304166666525,1.7686273051710086,5.541263545158426,1.6409365794934714,False,False,True,False,False,False,False,False,False,False,False,False,False,False,False,False,False,False,False,False,True,False,False,False,False,False,False,False,False,False,False,False,False
6.41,0.447,6.482,32.1,17.6,0.07675731668200717,1.637111443522614,5.541263545158426,2.1029138978649784,False,False,True,False,False,False,False,False,False,False,False,False,False,False,False,False,False,False,False,False,True,False,False,False,False,False,False,False,False,False,False,False,False
3.33,0.4429,6.812,32.2,14.9,0.19093435989217727,1.6293777852136486,5.37989735354046,1.766441661243765,False,False,False,True,False,False,False,False,False,False,False,True,False,False,False,False,False,False,False,False,False,False,False,False,False,False,False,False,False,False,False,False,False
3.33,0.4429,7.82,64.5,14.9,0.035154766074375454,1.7395359177240892,5.37989735354046,1.5602476682433286,False,False,False,True,False,False,False,False,False,False,False,True,False,False,False,False,False,False,False,False,False,False,False,False,False,False,False,False,False,False,False,False,False
3.33,0.4429,6.968,37.2,14.9,0.0363801440927505,1.8317331039929141,5.37989735354046,1.7209792871670078,False,False,False,True,False,False,False,False,False,False,False,True,False,False,False,False,False,False,False,False,False,False,False,False,False,False,False,False,False,False,False,False,False
3.33,0.4429,7.645,49.7,14.9,0.05948514933476599,1.826466807281788,5.37989735354046,1.3887912413184778,False,False,False,True,False,False,False,False,False,False,False,True,False,False,False,False,False,False,False,False,False,False,False,False,False,False,False,False,False,False,False,False,False
1.21,0.401,7.923,24.8,13.6,0.014898464661966655,1.929345132180618,5.293304824724492,1.425515074273172,False,False,False,False,False,False,False,False,False,False,False,False,False,False,False,False,False,False,False,False,False,False,False,False,False,False,False,False,False,False,True,False,False
2.97,0.4,7.088,20.8,15.3,0.00901920442015993,2.1171346463254563,5.655991810819852,2.180417459019838,False,False,False,False,False,False,False,False,False,False,False,False,False,False,False,False,False,False,False,False,False,False,False,False,False,False,False,False,False,False,True,False,False
2.25,0.389,6.453,31.9,15.3,0.010900374468288253,2.1171346463254563,5.707110264748875,2.222459048514761,False,False,False,False,False,False,False,False,False,False,False,False,False,False,False,False,False,False,False,False,False,False,False,True,False,False,False,False,False,False,False,False,False
1.76,0.385,6.23,31.5,18.2,0.01945943115621908,2.311465544799983,5.488937726156687,2.6340447877917144,False,False,False,False,False,False,False,False,False,False,False,False,False,False,False,False,False,False,False,False,False,False,False,False,False,False,False,True,False,False,False,False,False
5.32,0.405,6.209,31.3,16.6,0.03797955862417436,2.1183256597298024,5.683579767338681,2.096790180014449,False,False,False,False,True,False,False,False,False,False,False,False,False,False,False,False,False,False,False,False,False,False,True,False,False,False,False,False,False,False,False,False,False
5.32,0.405,6.315,45.6,16.6,0.044877758778085454,2.1183256597298024,5.683579767338681,2.151762203259462,False,False,False,False,True,False,False,False,False,False,False,False,False,False,False,False,False,False,False,False,False,False,True,False,False,False,False,False,False,False,False,False,False
5.32,0.405,6.565,22.9,16.6,0.04207241242184152,2.1183256597298024,5.683579767338681,2.3523271848888596,False,False,False,False,True,False,False,False,False,False,False,False,False,False,False,False,False,False,False,False,False,False,True,False,False,False,False,False,False,False,False,False,False
4.95,0.411,6.861,27.9,19.2,0.03442075020213025,1.8110227354089012,5.5053315359323625,1.4655675420143985,False,False,True,False,False,False,False,False,False,False,False,False,False,False,False,False,False,False,False,False,False,False,False,False,False,False,False,True,False,False,False,False,False
4.95,0.411,7.148,27.7,19.2,0.07590492808946425,1.8110227354089012,5.5053315359323625,1.5173226235262949,False,False,True,False,False,False,False,False,False,False,False,False,False,False,False,False,False,False,False,False,False,False,False,False,False,False,False,True,False,False,False,False,False
4.95,0.411,6.63,23.4,19.2,0.03551192100135957,1.8110227354089012,5.5053315359323625,1.7404661748405046,False,False,True,False,False,False,False,False,False,False,False,False,False,False,False,False,False,False,False,False,False,False,False,False,False,False,False,True,False,False,False,False,False
13.92,0.437,6.127,18.4,16.0,0.07941173942416169,1.87221747526867,5.66988092298052,2.259677591982769,False,False,True,False,False,False,False,False,False,False,False,False,False,False,False,False,False,False,False,False,False,False,False,False,False,False,False,False,False,False,False,False,False
13.92,0.437,6.009,42.3,16.0,0.07880193823740345,1.87221747526867,5.66988092298052,2.4336133554004498,False,False,True,False,False,False,False,False,False,False,False,False,False,False,False,False,False,False,False,False,False,False,False,False,False,False,False,False,False,False,False,False,False
13.92,0.437,6.678,31.1,16.0,0.12161568167655971,1.9402369439592861,5.66988092298052,1.9837562915454279,False,False,True,False,False,False,False,False,False,False,False,False,False,False,False,False,False,False,False,False,False,False,False,False,False,False,False,False,False,False,False,False,False
13.92,0.437,6.549,51.0,16.0,0.052326760177767426,1.9402369439592861,5.66988092298052,2.127040520479115,False,False,True,False,False,False,False,False,False,False,False,False,False,False,False,False,False,False,False,False,False,False,False,False,False,False,False,False,False,False,False,False,False
13.92,0.437,5.79,58.0,16.0,0.13193136325997015,1.9906103279732201,5.66988092298052,2.8237570088141806,False,False,True,False,False,False,False,False,False,False,False,False,False,False,False,False,False,False,False,False,False,False,False,False,False,False,False,False,False,False,False,False,False
2.24,0.4,6.345,20.1,14.8,0.06265549936434228,2.1779058329498193,5.883322388488279,1.7867469274045107,False,False,False,True,False,False,False,False,False,False,False,False,False,False,False,False,False,False,False,False,False,False,False,False,False,True,False,False,False,False,False,False,False
2.24,0.4,7.041,10.0,14.8,0.054118798887496024,2.1779058329498193,5.883322388488279,1.747459210331475,False,False,False,True,False,False,False,False,False,False,False,False,False,False,False,False,False,False,False,False,False,False,False,False,False,True,False,False,False,False,False,False,False
2.24,0.4,6.871,47.4,14.8,0.04322231145326899,2.1779058329498193,5.883322388488279,1.9558604799084813,False,False,False,True,False,False,False,False,False,False,False,False,False,False,False,False,False,False,False,False,False,False,False,False,False,True,False,False,False,False,False,False,False
6.09,0.433,6.59,40.4,16.1,0.03475885075645489,1.8705244378637091,5.799092654460526,2.3513752571634776,False,False,False,False,False,True,False,False,False,False,False,False,False,False,False,False,False,False,True,False,False,False,False,False,False,False,False,False,False,False,False,False,False
6.09,0.433,6.495,18.4,16.1,0.0886150903536463,1.8705244378637091,5.799092654460526,2.269028309465203,False,False,False,False,False,True,False,False,False,False,False,False,False,False,False,False,False,False,True,False,False,False,False,False,False,False,False,False,False,False,False,False,False
6.09,0.433,6.982,17.7,16.1,0.09531017980432487,1.8705244378637091,5.799092654460526,1.7681496035889213,False,False,False,False,False,True,False,False,False,False,False,False,False,False,False,False,False,False,True,False,False,False,False,False,False,False,False,False,False,False,False,False,False
2.18,0.472,7.236,41.1,18.4,0.05368293691618483,1.6138282607353933,5.407171771460119,2.0706530356467567,False,False,False,False,False,True,False,False,False,False,False,False,False,False,False,False,False,True,False,False,False,False,False,False,False,False,False,False,False,False,False,False,False
2.18,0.472,6.616,58.1,18.4,0.053341694981823305,1.4747630091074988,5.407171771460119,2.295560478057081,False,False,False,False,False,True,False,False,False,False,False,False,False,False,False,False,False,True,False,False,False,False,False,False,False,False,False,False,False,False,False,False,False
2.18,0.472,7.42,71.9,18.4,0.07234856816697788,1.410791832720278,5.407171771460119,2.010894999144726,False,False,False,False,False,True,False,False,False,False,False,False,False,False,False,False,False,True,False,False,False,False,False,False,False,False,False,False,False,False,False,False,False
2.18,0.472,6.849,70.3,18.4,0.04814233532601414,1.4309569710260803,5.407171771460119,2.143589361503588,False,False,False,False,False,True,False,False,False,False,False,False,False,False,False,False,False,True,False,False,False,False,False,False,False,False,False,False,False,False,False,False,False
9.9,0.544,6.635,82.5,18.4,0.4007741226200408,1.4626765310386967,5.720311776607412,1.7119945007591924,False,False,True,False,False,False,False,False,False,False,False,False,False,False,False,False,False,False,False,False,False,False,False,False,False,False,False,False,False,False,False,False,False
9.9,0.544,5.972,76.7,18.4,0.29966004921118794,1.411596543982109,5.720311776607412,2.395164274287139,False,False,True,False,False,False,False,False,False,False,False,False,False,False,False,False,False,False,False,False,False,False,False,False,False,False,False,False,False,False,False,False,False
9.9,0.544,4.973,37.8,18.4,1.290741151786282,1.2582905205355241,5.720311776607412,2.613006652415316,False,False,True,False,False,False,False,False,False,False,False,False,False,False,False,False,False,False,False,False,False,False,False,False,False,False,False,False,False,False,False,False,False
9.9,0.544,6.122,52.8,18.4,0.5824446439039829,1.2920660958349246,5.720311776607412,1.9430489167742813,False,False,True,False,False,False,False,False,False,False,False,False,False,False,False,False,False,False,False,False,False,False,False,False,False,False,False,False,False,False,False,False,False
9.9,0.544,6.023,90.4,18.4,0.2324520921057716,1.3439086446234527,5.720311776607412,2.543175557911976,False,False,True,False,False,False,False,False,False,False,False,False,False,False,False,False,False,False,False,False,False,False,False,False,False,False,False,False,False,False,False,False,False
9.9,0.544,6.266,82.8,18.4,0.23852859229108633,1.4499262213646642,5.720311776607412,2.186051276738094,False,False,True,False,False,False,False,False,False,False,False,False,False,False,False,False,False,False,False,False,False,False,False,False,False,False,False,False,False,False,False,False,False
9.9,0.544,6.567,87.3,18.4,0.3142266276738932,1.5265561785367003,5.720311776607412,2.330200260027019,False,False,True,False,False,False,False,False,False,False,False,False,False,False,False,False,False,False,False,False,False,False,False,False,False,False,False,False,False,False,False,False,False
9.9,0.544,5.705,77.7,18.4,0.22598750344594104,1.5983769650746755,5.720311776607412,2.5257286443082556,False,False,True,False,False,False,False,False,False,False,False,False,False,False,False,False,False,False,False,False,False,False,False,False,False,False,False,False,False,False,False,False,False
9.9,0.544,5.914,83.2,18.4,0.27632027094240774,1.6091578732267815,5.720311776607412,2.9616582932202395,False,False,True,False,False,False,False,False,False,False,False,False,False,False,False,False,False,False,False,False,False,False,False,False,False,False,False,False,False,False,False,False,False
9.9,0.544,5.782,71.7,18.4,0.21931222113316776,1.615757899178918,5.720311776607412,2.8296776892239084,False,False,True,False,False,False,False,False,False,False,False,False,False,False,False,False,False,False,False,False,False,False,False,False,False,False,False,False,False,False,False,False,False
9.9,0.544,6.382,67.2,18.4,0.3379140538458848,1.511273663646869,5.720311776607412,2.4300984132930052,False,False,True,False,False,False,False,False,False,False,False,False,False,False,False,False,False,False,False,False,False,False,False,False,False,False,False,False,False,False,False,False,False
9.9,0.544,6.113,58.8,18.4,0.3889765831033406,1.6098178402523857,5.720311776607412,2.6195832197798796,False,False,True,False,False,False,False,False,False,False,False,False,False,False,False,False,False,False,False,False,False,False,False,False,False,False,False,False,False,False,False,False,False
7.38,0.493,6.426,52.3,19.6,0.15495035999782264,1.7120667003188066,5.662960480135946,2.1041341542702074,False,False,False,True,False,False,False,False,False,False,False,False,False,False,False,False,False,False,False,False,False,False,False,False,False,False,False,False,False,False,False,False,False
7.38,0.493,6.376,54.3,19.6,0.1668609890983406,1.7120667003188066,5.662960480135946,2.063058062429312,False,False,False,True,False,False,False,False,False,False,False,False,False,False,False,False,False,False,False,False,False,False,False,False,False,False,False,False,False,False,False,False,False
7.38,0.493,6.041,49.9,19.6,0.3009486805521662,1.7441610945952601,5.662960480135946,2.163323025660538,False,False,False,True,False,False,False,False,False,False,False,False,False,False,False,False,False,False,False,False,False,False,False,False,False,False,False,False,False,False,False,False,False
7.38,0.493,5.708,74.3,19.6,0.24991789803076372,1.7441610945952601,5.662960480135946,2.5447466501440172,False,False,False,True,False,False,False,False,False,False,False,False,False,False,False,False,False,False,False,False,False,False,False,False,False,False,False,False,False,False,False,False,False
7.38,0.493,6.415,40.1,19.6,0.29348271614145116,1.7441610945952601,5.662960480135946,1.9629077254238845,False,False,False,True,False,False,False,False,False,False,False,False,False,False,False,False,False,False,False,False,False,False,False,False,False,False,False,False,False,False,False,False,False
7.38,0.493,6.431,14.7,19.6,0.17551511208097656,1.858779284407837,5.662960480135946,1.8050046959780757,False,False,False,True,False,False,False,False,False,False,False,False,False,False,False,False,False,False,False,False,False,False,False,False,False,False,False,False,False,False,False,False,False
7.38,0.493,6.312,28.9,19.6,0.26502993916684736,1.858779284407837,5.662960480135946,1.9671123567059163,False,False,False,True,False,False,False,False,False,False,False,False,False,False,False,False,False,False,False,False,False,False,False,False,False,False,False,False,False,False,False,False,False
7.38,0.493,6.083,43.7,19.6,0.21594167998346536,1.858779284407837,5.662960480135946,2.6239436918052106,False,False,False,True,False,False,False,False,False,False,False,False,False,False,False,False,False,False,False,False,False,False,False,False,False,False,False,False,False,False,False,False,False
3.24,0.46,5.868,25.8,16.9,0.06407278770058891,1.8269013624731112,6.066108090103747,2.395164274287139,False,False,True,False,False,False,False,False,False,False,False,False,False,False,False,False,False,False,False,False,False,False,False,False,False,False,False,False,False,False,False,False,False
3.24,0.46,6.333,17.2,16.9,0.06507587673618768,1.8269013624731112,6.066108090103747,2.1210632163706555,False,False,True,False,False,False,False,False,False,False,False,False,False,False,False,False,False,False,False,False,False,False,False,False,False,False,False,False,False,False,False,False,False
3.24,0.46,6.144,32.2,16.9,0.04443784943056829,1.927687986452299,6.066108090103747,2.3115448343655176,False,False,True,False,False,False,False,False,False,False,False,False,False,False,False,False,False,False,False,False,False,False,False,False,False,False,False,False,False,False,False,False,False
6.06,0.4379,5.706,28.4,16.9,0.049009187801052775,2.0334892220179444,5.720311776607412,2.5974910105351463,False,False,False,False,False,False,False,False,False,False,False,False,False,False,False,False,False,False,False,True,False,False,False,False,False,False,False,False,False,False,False,False,False
6.06,0.4379,6.031,23.3,16.9,0.03407287033313542,2.0334892220179444,5.720311776607412,2.178155014615869,False,False,False,False,False,False,False,False,False,False,False,False,False,False,False,False,False,False,False,True,False,False,False,False,False,False,False,False,False,False,False,False,False
5.19,0.515,6.316,38.1,20.2,0.049580328098150495,2.009340914000347,5.41610040220442,1.8991179875485542,False,False,False,True,False,False,False,False,False,False,False,False,False,False,False,False,False,False,False,False,False,False,False,False,False,False,False,False,False,False,False,False,False
5.19,0.515,6.31,38.5,20.2,0.03669830378267371,2.009340914000347,5.41610040220442,2.0476928433652555,False,False,False,True,False,False,False,False,False,False,False,False,False,False,False,False,False,False,False,False,False,False,False,False,False,False,False,False,False,False,False,False,False
5.19,0.515,6.037,34.5,20.2,0.03884564282319823,1.943807940963443,5.41610040220442,2.1983350716202463,False,False,False,True,False,False,False,False,False,False,False,False,False,False,False,False,False,False,False,False,False,False,False,False,False,False,False,False,False,False,False,False,False
5.19,0.515,5.869,46.3,20.2,0.03369586385672553,1.829552882221621,5.41610040220442,2.379546134130174,False,False,False,True,False,False,False,False,False,False,False,False,False,False,False,False,False,False,False,False,False,False,False,False,False,False,False,False,False,False,False,False,False
5.19,0.515,5.895,59.6,20.2,0.029956781289803308,1.889339797566919,5.41610040220442,2.4475508632442313,False,False,False,True,False,False,False,False,False,False,False,False,False,False,False,False,False,False,False,False,False,False,False,False,False,False,False,False,False,False,False,False,False
5.19,0.515,6.059,37.3,20.2,0.032525271703396835,1.759959156678257,5.41610040220442,2.252343876557299,False,False,False,True,False,False,False,False,False,False,False,False,False,False,False,False,False,False,False,False,False,False,False,False,False,False,False,False,False,False,False,False,False
5.19,0.515,5.985,45.4,20.2,0.05351233050476122,1.759959156678257,5.41610040220442,2.3739750890807185,False,False,False,True,False,False,False,False,False,False,False,False,False,False,False,False,False,False,False,False,False,False,False,False,False,False,False,False,False,False,False,False,False
5.19,0.515,5.968,58.5,20.2,0.059692422747982164,1.759959156678257,5.41610040220442,2.331172549845958,False,False,False,True,False,False,False,False,False,False,False,False,False,False,False,False,False,False,False,False,False,False,False,False,False,False,False,False,False,False,False,False,False
1.52,0.442,7.241,49.3,15.5,0.012926096886133677,2.0841678550439227,5.652489180268651,1.8702625307159986,False,False,False,False,False,False,False,False,False,False,False,False,False,False,False,False,False,False,False,True,False,False,False,False,False,False,False,False,False,False,False,False,False
1.89,0.518,6.54,59.7,15.9,0.024673100204884193,1.9833297907031588,6.0473721790462776,2.2669579153508947,False,False,False,False,False,False,False,False,False,False,False,False,False,False,False,False,False,False,False,False,False,False,False,False,False,False,False,False,False,False,False,False,False
3.78,0.484,6.696,56.4,17.6,0.025112036814854834,1.9068871306448527,5.916202062607435,2.1016921506146558,False,False,False,True,False,False,False,False,False,False,False,False,False,False,False,False,False,False,False,False,False,False,False,True,False,False,False,False,False,False,False,False,False
3.78,0.484,6.874,28.1,17.6,0.030034417274121015,2.0102790129447645,5.916202062607435,1.724550719534605,False,False,False,True,False,False,False,False,False,False,False,False,False,False,False,False,False,False,False,False,False,False,False,True,False,False,False,False,False,False,False,False,False
4.39,0.442,6.014,48.5,18.8,0.030655288259616865,2.198734547867819,5.8664680569332965,2.4449523342809676,False,True,False,False,False,False,False,False,False,False,False,False,False,False,False,False,False,False,False,False,False,False,False,False,False,False,False,False,False,False,False,False,False
4.39,0.442,5.898,52.3,18.8,0.05979604334596572,2.198734547867819,5.8664680569332965,2.6152036507358583,False,True,False,False,False,False,False,False,False,False,False,False,False,False,False,False,False,False,False,False,False,False,False,False,False,False,False,False,False,False,False,False,False
4.15,0.429,6.516,27.7,17.9,0.018527304613883622,2.2550007015883704,5.863631175598097,1.9960599327407849,False,False,True,False,False,False,False,False,False,False,False,False,False,False,False,False,False,False,False,False,False,False,False,False,False,False,False,False,False,True,False,False,False
2.01,0.435,6.635,29.7,17.0,0.014898464661966655,2.234734426085871,5.638354669333745,1.944480556245719,False,False,True,False,False,False,False,False,False,False,False,False,False,False,False,False,False,False,False,False,False,False,False,False,False,False,False,True,False,False,False,False,False
1.25,0.429,6.939,34.5,19.7,0.028577738631707327,2.2815759381361245,5.817111159963204,1.9300710850255671,False,False,False,False,False,False,False,False,False,False,False,False,False,False,False,False,False,False,False,False,True,False,False,False,False,False,False,False,False,False,False,False,False
1.25,0.429,6.49,44.4,19.7,0.06025749561032605,2.2815759381361245,5.817111159963204,1.9430489167742813,False,False,False,False,False,False,False,False,False,False,False,False,False,False,False,False,False,False,False,False,True,False,False,False,False,False,False,False,False,False,False,False,False
1.69,0.411,6.579,35.9,18.3,0.07649797097272498,2.4604687964104115,6.021023349349527,1.8702625307159986,False,False,True,False,False,False,False,False,False,False,False,False,False,False,False,False,False,False,False,False,False,False,False,False,True,False,False,False,False,False,False,False,False
1.69,0.411,5.884,18.5,18.3,0.06993642619916386,2.4604687964104115,6.021023349349527,2.1736147116970854,False,False,True,False,False,False,False,False,False,False,False,False,False,False,False,False,False,False,False,False,False,False,False,False,True,False,False,False,False,False,False,False,False
2.02,0.41,6.728,36.1,17.0,0.016945608726141724,2.5746330876618586,5.236441962829949,1.7047480922384253,False,False,False,True,False,False,False,False,False,False,False,False,False,False,False,False,False,False,False,False,False,False,False,False,False,False,False,False,False,False,True,False,False
1.91,0.413,5.663,21.9,22.0,0.042110763700381956,2.449771579019671,5.814130531825066,2.2027647577118348,False,False,True,False,False,False,False,False,False,False,False,False,False,False,False,False,False,False,False,False,False,False,False,False,False,False,False,True,False,False,False,False,False
1.91,0.413,5.936,19.5,22.0,0.10128321475208404,2.449771579019671,5.814130531825066,1.8825138324965192,False,False,True,False,False,False,False,False,False,False,False,False,False,False,False,False,False,False,False,False,False,False,False,False,False,False,False,True,False,False,False,False,False
18.1,0.77,6.212,97.4,20.2,2.3008796395346813,1.1385378815404292,6.502790045915623,2.9231615807191558,False,False,False,False,False,False,False,True,False,False,False,False,False,False,False,False,False,False,False,False,False,False,False,False,False,False,False,False,False,False,False,False,False
18.1,0.77,6.395,91.0,20.2,1.578916847366148,1.2542475801995585,6.502790045915623,2.658159431488745,False,False,False,False,False,False,False,True,False,False,False,False,False,False,False,False,False,False,False,False,False,False,False,False,False,False,False,False,False,False,False,False,False
18.1,0.77,6.127,83.4,20.2,1.8248347351792473,1.3144492114665467,6.502790045915623,2.5241273629412815,False,False,False,False,False,False,False,True,False,False,False,False,False,False,False,False,False,False,False,False,False,False,False,False,False,False,False,False,False,False,False,False,False
18.1,0.77,6.112,81.3,20.2,1.6603800451716153,1.255359594342634,6.502790045915623,2.6152036507358583,False,False,False,False,False,False,False,True,False,False,False,False,False,False,False,False,False,False,False,False,False,False,False,False,False,False,False,False,False,False,False,False,False
18.1,0.77,6.398,88.0,20.2,1.7123410111146564,1.2579494951826682,6.502790045915623,2.1736147116970854,False,False,False,False,False,False,False,True,False,False,False,False,False,False,False,False,False,False,False,False,False,False,False,False,False,False,False,False,False,False,False,False,False
18.1,0.77,6.251,91.1,20.2,1.5762616149393935,1.1925579015106376,6.502790045915623,2.7206373166076814,False,False,False,False,False,False,False,True,False,False,False,False,False,False,False,False,False,False,False,False,False,False,False,False,False,False,False,False,False,False,False,False,False
18.1,0.77,5.362,96.2,20.2,1.5429176957008952,1.1325627280376571,6.502790045915623,2.4150205223238337,False,False,False,False,False,False,False,True,False,False,False,False,False,False,False,False,False,False,False,False,False,False,False,False,False,False,False,False,False,False,False,False,False
18.1,0.77,5.803,89.0,20.2,1.6529551515173315,1.0663301147473858,6.502790045915623,2.7498317351171653,False,False,False,False,False,False,False,True,False,False,False,False,False,False,False,False,False,False,False,False,False,False,False,False,False,False,False,False,False,False,False,False,False
18.1,0.718,8.78,82.9,20.2,1.4983454449272653,1.0663301147473858,6.502790045915623,1.8389610707123492,False,False,False,False,False,False,False,True,False,False,False,False,False,False,False,False,False,False,False,False,False,False,False,False,False,False,False,False,False,False,False,False,False
18.1,0.718,3.561,87.9,20.2,1.7148550264902072,0.9605755239844582,6.502790045915623,2.0943301541735866,False,False,False,False,False,False,False,True,False,False,False,False,False,False,False,False,False,False,False,False,False,False,False,False,False,False,False,False,False,False,False,False,False
18.1,0.718,4.963,91.4,20.2,1.5469133618955864,1.0124369257576684,6.502790045915623,2.70805020110221,False,False,False,False,False,False,False,True,False,False,False,False,False,False,False,False,False,False,False,False,False,False,False,False,False,False,False,False,False,False,False,False,False
18.1,0.631,3.863,100.0,20.2,2.675678513070904,0.920521768401971,6.502790045915623,2.6623552418400807,False,False,False,False,False,False,False,True,False,False,False,False,False,False,False,False,False,False,False,False,False,False,False,False,False,False,False,False,False,False,False,False,False
18.1,0.631,4.97,100.0,20.2,1.7746506104773532,0.8469406537393619,6.502790045915623,1.449269160281279,False,False,False,False,False,False,False,True,False,False,False,False,False,False,False,False,False,False,False,False,False,False,False,False,False,False,False,False,False,False,False,False,False
18.1,0.631,6.683,96.8,20.2,1.8976168614222872,0.8572623354119124,6.502790045915623,1.5539252025038417,False,False,False,False,False,False,False,True,False,False,False,False,False,False,False,False,False,False,False,False,False,False,False,False,False,False,False,False,False,False,False,False,False
18.1,0.631,7.016,97.5,20.2,2.020057712262034,0.7895476748462604,6.502790045915623,1.3762440252663892,False,False,False,False,False,False,False,True,False,False,False,False,False,False,False,False,False,False,False,False,False,False,False,False,False,False,False,False,False,False,False,False,False
18.1,0.631,6.216,100.0,20.2,2.3255493836278043,0.7743123349774533,6.502790045915623,2.354228326145884,False,False,False,False,False,False,False,True,False,False,False,False,False,False,False,False,False,False,False,False,False,False,False,False,False,False,False,False,False,False,False,False,False
18.1,0.668,5.875,89.6,20.2,2.226486679687524,0.7559341686587101,6.502790045915623,2.2905125117597764,False,False,False,False,False,False,False,True,False,False,False,False,False,False,False,False,False,False,False,False,False,False,False,False,False,False,False,False,False,False,False,False,False
18.1,0.668,4.906,100.0,20.2,2.493874650127679,0.7766607807877629,6.502790045915623,3.5771095532709265,False,False,False,False,False,False,False,True,False,False,False,False,False,False,False,False,False,False,False,False,False,False,False,False,False,False,False,False,False,False,False,False,False
18.1,0.668,4.138,100.0,20.2,2.970322153616776,0.7594029763370106,6.502790045915623,3.662792119350618,False,False,False,False,False,False,False,True,False,False,False,False,False,False,False,False,False,False,False,False,False,False,False,False,False,False,False,False,False,False,False,False,False
18.1,0.671,7.313,97.9,20.2,3.0257327258266167,0.8399710850007427,6.502790045915623,2.67000213346468,False,False,False,False,False,False,False,True,False,False,False,False,False,False,False,False,False,False,False,False,False,False,False,False,False,False,False,False,False,False,False,False,False
18.1,0.671,6.649,93.3,20.2,2.7904286403681122,0.8522427570657238,6.502790045915623,3.1880041612011136,False,False,False,False,False,False,False,True,False,False,False,False,False,False,False,False,False,False,False,False,False,False,False,False,False,False,False,False,False,False,False,False,False
18.1,0.671,6.794,98.8,20.2,2.381718772241792,0.8578138021151792,6.502790045915623,3.1018924693823817,False,False,False,False,False,False,False,True,False,False,False,False,False,False,False,False,False,False,False,False,False,False,False,False,False,False,False,False,False,False,False,False,False
18.1,0.671,6.38,96.2,20.2,3.204703875510067,0.8696602339458422,6.502790045915623,3.206398303357088,False,False,False,False,False,False,False,True,False,False,False,False,False,False,False,False,False,False,False,False,False,False,False,False,False,False,False,False,False,False,False,False,False
18.1,0.671,6.223,100.0,20.2,2.937398463323919,0.8696602339458422,6.502790045915623,3.125882958019036,False,False,False,False,False,False,False,True,False,False,False,False,False,False,False,False,False,False,False,False,False,False,False,False,False,False,False,False,False,False,False,False,False
18.1,0.671,6.968,91.9,20.2,4.4995451909142234,0.8823202123030017,6.502790045915623,2.9019708937395166,False,False,False,False,False,False,False,True,False,False,False,False,False,False,False,False,False,False,False,False,False,False,False,False,False,False,False,False,False,False,False,False,False
18.1,0.671,6.545,99.1,20.2,2.825797680570924,0.9239413908046779,6.502790045915623,3.0946722214088944,False,False,False,False,False,False,False,True,False,False,False,False,False,False,False,False,False,False,False,False,False,False,False,False,False,False,False,False,False,False,False,False,False
18.1,0.7,5.536,100.0,20.2,2.321114360892544,0.9479444256759496,6.502790045915623,3.202746442938317,False,False,False,False,False,False,False,True,False,False,False,False,False,False,False,False,False,False,False,False,False,False,False,False,False,False,False,False,False,False,False,False,False
18.1,0.7,5.52,100.0,20.2,2.19638867250955,0.9294438491190675,6.502790045915623,3.241028629509334,False,False,False,False,False,False,False,True,False,False,False,False,False,False,False,False,False,False,False,False,False,False,False,False,False,False,False,False,False,False,False,False,False
18.1,0.7,4.368,91.2,20.2,3.04855714447919,0.8917931002737548,6.502790045915623,3.4541060373175574,False,False,False,False,False,False,False,True,False,False,False,False,False,False,False,False,False,False,False,False,False,False,False,False,False,False,False,False,False,False,False,False,False
18.1,0.7,5.277,98.1,20.2,2.879861159011059,0.886285029787749,6.502790045915623,3.4597807057610526,False,False,False,False,False,False,False,True,False,False,False,False,False,False,False,False,False,False,False,False,False,False,False,False,False,False,False,False,False,False,False,False,False
18.1,0.7,4.652,100.0,20.2,3.2345050497403935,0.9030839043868734,6.502790045915623,3.3769046890931107,False,False,False,False,False,False,False,True,False,False,False,False,False,False,False,False,False,False,False,False,False,False,False,False,False,False,False,False,False,False,False,False,False
18.1,0.7,5.0,89.5,20.2,3.1611238231251,0.9236237792409471,6.502790045915623,3.49620448524049,False,False,False,False,False,False,False,True,False,False,False,False,False,False,False,False,False,False,False,False,False,False,False,False,False,False,False,False,False,False,False,False,False
18.1,0.7,4.88,100.0,20.2,2.730053020578551,0.951464806881809,6.502790045915623,3.453789831781326,False,False,False,False,False,False,False,True,False,False,False,False,False,False,False,False,False,False,False,False,False,False,False,False,False,False,False,False,False,False,False,False,False
18.1,0.7,5.39,98.9,20.2,2.213944025142987,1.0036053962008638,6.502790045915623,3.084200921541599,False,False,False,False,False,False,False,True,False,False,False,False,False,False,False,False,False,False,False,False,False,False,False,False,False,False,False,False,False,False,False,False,False
18.1,0.7,5.713,97.0,20.2,2.0746990638882306,1.0738071697491385,6.502790045915623,2.896464271895322,False,False,False,False,False,False,False,True,False,False,False,False,False,False,False,False,False,False,False,False,False,False,False,False,False,False,False,False,False,False,False,False,False
18.1,0.7,6.051,82.5,20.2,1.8394458498493202,1.153037340646183,6.502790045915623,2.983659692319722,False,False,False,False,False,False,False,True,False,False,False,False,False,False,False,False,False,False,False,False,False,False,False,False,False,False,False,False,False,False,False,False,False
18.1,0.7,5.036,97.0,20.2,2.531941305700138,1.0188473201992472,6.502790045915623,3.283914221047423,False,False,False,False,False,False,False,True,False,False,False,False,False,False,False,False,False,False,False,False,False,False,False,False,False,False,False,False,False,False,False,False,False
18.1,0.693,6.193,92.6,20.2,2.266414762688843,1.0264716108904273,6.502790045915623,2.783157673589016,False,False,False,False,False,False,False,True,False,False,False,False,False,False,False,False,False,False,False,False,False,False,False,False,False,False,False,False,False,False,False,False,False
18.1,0.693,5.887,94.7,20.2,2.6644326359464867,1.0232060382182802,6.502790045915623,2.8535925063928684,False,False,False,False,False,False,False,True,False,False,False,False,False,False,False,False,False,False,False,False,False,False,False,False,False,False,False,False,False,False,False,False,False
18.1,0.693,6.471,98.8,20.2,2.273851200420946,1.0027252758609457,6.502790045915623,2.8970163006148333,False,False,False,False,False,False,False,True,False,False,False,False,False,False,False,False,False,False,False,False,False,False,False,False,False,False,False,False,False,False,False,False,False
18.1,0.693,6.405,96.0,20.2,1.9274624605576969,0.9846220512504225,6.502790045915623,3.0140632302387145,False,False,False,False,False,False,False,True,False,False,False,False,False,False,False,False,False,False,False,False,False,False,False,False,False,False,False,False,False,False,False,False,False
18.1,0.693,5.747,98.9,20.2,2.160101750967694,0.9682757869401063,6.502790045915623,3.040705639196722,False,False,False,False,False,False,False,True,False,False,False,False,False,False,False,False,False,False,False,False,False,False,False,False,False,False,False,False,False,False,False,False,False
18.1,0.693,5.453,100.0,20.2,3.672541717146316,0.9121220550019354,6.502790045915623,3.4528406148139936,False,False,False,False,False,False,False,True,False,False,False,False,False,False,False,False,False,False,False,False,False,False,False,False,False,False,False,False,False,False,False,False,False
18.1,0.693,5.852,77.8,20.2,2.390279986333144,0.9164507190755202,6.502790045915623,3.4330189939851112,False,False,False,False,False,False,False,True,False,False,False,False,False,False,False,False,False,False,False,False,False,False,False,False,False,False,False,False,False,False,False,False,False
18.1,0.693,5.987,100.0,20.2,3.2598680448992714,0.9511944478820354,6.502790045915623,3.323956301318708,False,False,False,False,False,False,False,True,False,False,False,False,False,False,False,False,False,False,False,False,False,False,False,False,False,False,False,False,False,False,False,False,False
18.1,0.693,6.343,100.0,20.2,2.7236741753351374,0.9454999584581417,6.502790045915623,3.0596455992976437,False,False,False,False,False,False,False,True,False,False,False,False,False,False,False,False,False,False,False,False,False,False,False,False,False,False,False,False,False,False,False,False,False
18.1,0.693,6.404,100.0,20.2,2.360449202216868,0.970400057521187,6.502790045915623,3.0591764461105257,False,False,False,False,False,False,False,True,False,False,False,False,False,False,False,False,False,False,False,False,False,False,False,False,False,False,False,False,False,False,False,False,False
18.1,0.693,5.349,96.0,20.2,3.250440381229692,0.9942882726958825,6.502790045915623,3.033509637888021,False,False,False,False,False,False,False,True,False,False,False,False,False,False,False,False,False,False,False,False,False,False,False,False,False,False,False,False,False,False,False,False,False
18.1,0.693,5.531,85.4,20.2,3.7501908988370403,0.9583535562465413,6.502790045915623,3.3456846717318967,False,False,False,False,False,False,False,True,False,False,False,False,False,False,False,False,False,False,False,False,False,False,False,False,False,False,False,False,False,False,False,False,False
18.1,0.693,5.683,100.0,20.2,4.232958019253417,0.8859964592405544,6.502790045915623,3.177220149599368,False,False,False,False,False,False,False,True,False,False,False,False,False,False,False,False,False,False,False,False,False,False,False,False,False,False,False,False,False,False,False,False,False
18.1,0.659,4.138,100.0,20.2,3.0780585258000213,0.7784529371390452,6.502790045915623,3.1921210875593813,False,False,False,False,False,False,False,True,False,False,False,False,False,False,False,False,False,False,False,False,False,False,False,False,False,False,False,False,False,False,False,False,False
18.1,0.659,5.608,100.0,20.2,2.5611807266231144,0.8264535478681704,6.502790045915623,2.574899688314705,False,False,False,False,False,False,False,True,False,False,False,False,False,False,False,False,False,False,False,False,False,False,False,False,False,False,False,False,False,False,False,False,False
18.1,0.597,5.617,97.9,20.2,2.1286946938918567,0.8980045541868374,6.502790045915623,3.3105430133940246,False,False,False,False,False,False,False,True,False,False,False,False,False,False,False,False,False,False,False,False,False,False,False,False,False,False,False,False,False,False,False,False,False
18.1,0.597,6.852,100.0,20.2,2.736851434907838,0.9023946266820437,6.502790045915623,3.0339909856710814,False,False,False,False,False,False,False,True,False,False,False,False,False,False,False,False,False,False,False,False,False,False,False,False,False,False,False,False,False,False,False,False,False
18.1,0.597,5.757,100.0,20.2,3.9538518529018067,0.8808707866428946,6.502790045915623,2.4078456036515385,False,False,False,False,False,False,False,True,False,False,False,False,False,False,False,False,False,False,False,False,False,False,False,False,False,False,False,False,False,False,False,False,False
18.1,0.597,6.657,100.0,20.2,2.7114245017411593,0.9272306719124895,6.502790045915623,3.100992784211484,False,False,False,False,False,False,False,True,False,False,False,False,False,False,False,False,False,False,False,False,False,False,False,False,False,False,False,False,False,False,False,False,False
18.1,0.597,4.628,100.0,20.2,2.9862373389921895,0.937621602575984,6.502790045915623,3.5658640032173894,False,False,False,False,False,False,False,True,False,False,False,False,False,False,False,False,False,False,False,False,False,False,False,False,False,False,False,False,False,False,False,False,False
18.1,0.597,5.155,100.0,20.2,3.3896577218278483,0.9514261886424098,6.502790045915623,3.0483247236731614,False,False,False,False,False,False,False,True,False,False,False,False,False,False,False,False,False,False,False,False,False,False,False,False,False,False,False,False,False,False,False,False,False
18.1,0.693,4.519,100.0,20.2,3.844730829794956,0.9776492020050953,6.502790045915623,3.63705970538414,False,False,False,False,False,False,False,True,False,False,False,False,False,False,False,False,False,False,False,False,False,False,False,False,False,False,False,False,False,False,False,False,False
18.1,0.679,6.434,100.0,20.2,2.9488817271093315,1.041936111474553,6.502790045915623,3.4028626609812167,False,False,False,False,False,False,False,True,False,False,False,False,False,False,False,False,False,False,False,False,False,False,False,False,False,False,False,False,False,False,False,False,False
18.1,0.679,6.782,90.8,20.2,2.4709936445680034,1.0365595642650995,6.502790045915623,3.2880286835565173,False,False,False,False,False,False,False,True,False,False,False,False,False,False,False,False,False,False,False,False,False,False,False,False,False,False,False,False,False,False,False,False,False
18.1,0.679,5.304,89.1,20.2,3.293634442449129,0.9736157984934245,6.502790045915623,3.319263998899469,False,False,False,False,False,False,False,True,False,False,False,False,False,False,False,False,False,False,False,False,False,False,False,False,False,False,False,False,False,False,False,False,False
18.1,0.679,5.957,100.0,20.2,4.3112567387853336,1.0305475577539802,6.502790045915623,3.073618812211062,False,False,False,False,False,False,False,True,False,False,False,False,False,False,False,False,False,False,False,False,False,False,False,False,False,False,False,False,False,False,False,False,False
18.1,0.718,6.824,76.5,20.2,2.5504056470206957,1.02747426083477,6.502790045915623,3.167161389181522,False,False,False,False,False,False,False,True,False,False,False,False,False,False,False,False,False,False,False,False,False,False,False,False,False,False,False,False,False,False,False,False,False
18.1,0.718,6.411,100.0,20.2,2.492163587735884,1.0504369354636782,6.502790045915623,2.7738379416402132,False,False,False,False,False,False,False,True,False,False,False,False,False,False,False,False,False,False,False,False,False,False,False,False,False,False,False,False,False,False,False,False,False
18.1,0.718,6.006,95.3,20.2,2.0822613123870632,1.0559135341349943,6.502790045915623,2.8154087194227095,False,False,False,False,False,False,False,True,False,False,False,False,False,False,False,False,False,False,False,False,False,False,False,False,False,False,False,False,False,False,False,False,False
18.1,0.614,5.648,87.6,20.2,2.5686501932208596,1.082211867300329,6.502790045915623,2.714694743820879,False,False,False,False,False,False,False,True,False,False,False,False,False,False,False,False,False,False,False,False,False,False,False,False,False,False,False,False,False,False,False,False,False
18.1,0.614,6.103,85.1,20.2,2.085724263982504,1.1058526803236035,6.502790045915623,3.190064743014081,False,False,False,False,False,False,False,True,False,False,False,False,False,False,False,False,False,False,False,False,False,False,False,False,False,False,False,False,False,False,False,False,False
18.1,0.584,5.565,70.6,20.2,2.2815779805968406,1.1195580531835723,6.502790045915623,2.8992213731731473,False,False,False,False,False,False,False,True,False,False,False,False,False,False,False,False,False,False,False,False,False,False,False,False,False,False,False,False,False,False,False,False,False
18.1,0.679,5.896,95.4,20.2,2.8249617460097114,1.0680156146906423,6.502790045915623,3.234355395716587,False,False,False,False,False,False,False,True,False,False,False,False,False,False,False,False,False,False,False,False,False,False,False,False,False,False,False,False,False,False,False,False,False
18.1,0.584,5.837,59.7,20.2,2.5837862093461372,1.0978119684973406,6.502790045915623,2.8148097376737438,False,False,False,False,False,False,False,True,False,False,False,False,False,False,False,False,False,False,False,False,False,False,False,False,False,False,False,False,False,False,False,False,False
18.1,0.679,6.202,78.7,20.2,3.6548546189770925,1.0518350971091808,6.502790045915623,2.7421295147550726,False,False,False,False,False,False,False,True,False,False,False,False,False,False,False,False,False,False,False,False,False,False,False,False,False,False,False,False,False,False,False,False,False
18.1,0.679,6.193,78.1,20.2,2.1243085441136205,1.0769118616887707,6.502790045915623,3.1144038032714896,False,False,False,False,False,False,False,True,False,False,False,False,False,False,False,False,False,False,False,False,False,False,False,False,False,False,False,False,False,False,False,False,False
18.1,0.679,6.38,95.6,20.2,2.335912513221137,1.0879557084795808,6.502790045915623,3.22207071576472,False,False,False,False,False,False,False,True,False,False,False,False,False,False,False,False,False,False,False,False,False,False,False,False,False,False,False,False,False,False,False,False,False
18.1,0.584,6.348,86.1,20.2,2.2504630342235155,1.116026444921897,6.502790045915623,2.925309809257445,False,False,False,False,False,False,False,True,False,False,False,False,False,False,False,False,False,False,False,False,False,False,False,False,False,False,False,False,False,False,False,False,False
18.1,0.584,6.833,94.3,20.2,2.4035429310745737,1.1275883969046268,6.502790045915623,3.029650491757452,False,False,False,False,False,False,False,True,False,False,False,False,False,False,False,False,False,False,False,False,False,False,False,False,False,False,False,False,False,False,False,False,False
18.1,0.584,6.425,74.8,20.2,2.0074150555763612,1.1632758019938318,6.502790045915623,2.567254391136754,False,False,False,False,False,False,False,True,False,False,False,False,False,False,False,False,False,False,False,False,False,False,False,False,False,False,False,False,False,False,False,False,False
18.1,0.713,6.436,87.9,20.2,1.8841973460987684,1.1986989218232278,6.502790045915623,2.8460714989995846,False,False,False,False,False,False,False,True,False,False,False,False,False,False,False,False,False,False,False,False,False,False,False,False,False,False,False,False,False,False,False,False,False
18.1,0.713,6.208,95.0,20.2,2.7022601376565687,1.1700643560747492,6.502790045915623,2.783157673589016,False,False,False,False,False,False,False,True,False,False,False,False,False,False,False,False,False,False,False,False,False,False,False,False,False,False,False,False,False,False,False,False,False
18.1,0.74,6.629,94.6,20.2,2.498184770733843,1.1393382785800699,6.502790045915623,3.18924101973851,False,False,False,False,False,False,False,True,False,False,False,False,False,False,False,False,False,False,False,False,False,False,False,False,False,False,False,False,False,False,False,False,False
18.1,0.74,6.461,93.3,20.2,2.7357172474638767,1.0994785799960676,6.502790045915623,2.94706710157271,False,False,False,False,False,False,False,True,False,False,False,False,False,False,False,False,False,False,False,False,False,False,False,False,False,False,False,False,False,False,False,False,False
18.1,0.74,6.152,100.0,20.2,2.7836028435028815,1.0695953395976172,6.502790045915623,3.3123661679555396,False,False,False,False,False,False,False,True,False,False,False,False,False,False,False,False,False,False,False,False,False,False,False,False,False,False,False,False,False,False,False,False,False
18.1,0.74,5.935,87.9,20.2,2.6863565870169546,1.0369496282760027,6.502790045915623,3.555919326857706,False,False,False,False,False,False,False,True,False,False,False,False,False,False,False,False,False,False,False,False,False,False,False,False,False,False,False,False,False,False,False,False,False
18.1,0.74,5.627,93.9,20.2,2.340904438499074,1.0357434838891182,6.502790045915623,3.1730412885244013,False,False,False,False,False,False,False,True,False,False,False,False,False,False,False,False,False,False,False,False,False,False,False,False,False,False,False,False,False,False,False,False,False
18.1,0.74,5.818,92.4,20.2,3.137713490646716,1.052987110641834,6.502790045915623,3.1402654242862895,False,False,False,False,False,False,False,True,False,False,False,False,False,False,False,False,False,False,False,False,False,False,False,False,False,False,False,False,False,False,False,False,False
18.1,0.74,6.406,97.2,20.2,2.372501005014648,1.1200801952833506,6.502790045915623,3.021400020302569,False,False,False,False,False,False,False,True,False,False,False,False,False,False,False,False,False,False,False,False,False,False,False,False,False,False,False,False,False,False,False,False,False
18.1,0.74,6.219,100.0,20.2,1.8970754838957269,1.1002110100318068,6.502790045915623,2.8673305587494666,False,False,False,False,False,False,False,True,False,False,False,False,False,False,False,False,False,False,False,False,False,False,False,False,False,False,False,False,False,False,False,False,False
18.1,0.74,6.485,100.0,20.2,2.394848818884537,1.09138624357637,6.502790045915623,2.9882040071331994,False,False,False,False,False,False,False,True,False,False,False,False,False,False,False,False,False,False,False,False,False,False,False,False,False,False,False,False,False,False,False,False,False
18.1,0.74,5.854,96.6,20.2,2.6248352449424797,1.0631923434368493,6.502790045915623,3.210440346047099,False,False,False,False,False,False,False,True,False,False,False,False,False,False,False,False,False,False,False,False,False,False,False,False,False,False,False,False,False,False,False,False,False
18.1,0.74,6.459,94.8,20.2,2.457175676049689,1.0945707995083895,6.502790045915623,3.2180755046974316,False,False,False,False,False,False,False,True,False,False,False,False,False,False,False,False,False,False,False,False,False,False,False,False,False,False,False,False,False,False,False,False,False
18.1,0.74,6.341,96.4,20.2,1.9862387647413884,1.1223288152854258,6.502790045915623,2.933324813425374,False,False,False,False,False,False,False,True,False,False,False,False,False,False,False,False,False,False,False,False,False,False,False,False,False,False,False,False,False,False,False,False,False
18.1,0.74,6.251,96.6,20.2,2.39104001091028,1.1625256144117624,6.502790045915623,2.8587664184808337,False,False,False,False,False,False,False,True,False,False,False,False,False,False,False,False,False,False,False,False,False,False,False,False,False,False,False,False,False,False,False,False,False
18.1,0.713,6.185,98.7,20.2,2.3349641863179325,1.1822178725229067,6.502790045915623,2.9512577834521614,False,False,False,False,False,False,False,True,False,False,False,False,False,False,False,False,False,False,False,False,False,False,False,False,False,False,False,False,False,False,False,False,False
18.1,0.713,6.417,98.3,20.2,2.143121491225277,1.1584522890241267,6.502790045915623,3.011113375592293,False,False,False,False,False,False,False,True,False,False,False,False,False,False,False,False,False,False,False,False,False,False,False,False,False,False,False,False,False,False,False,False,False
18.1,0.713,6.749,92.6,20.2,2.0435189836286223,1.2010485328086893,6.502790045915623,2.914522218128448,False,False,False,False,False,False,False,True,False,False,False,False,False,False,False,False,False,False,False,False,False,False,False,False,False,False,False,False,False,False,False,False,False
18.1,0.713,6.655,98.2,20.2,1.862705543083853,1.2105113811655184,6.502790045915623,2.930126516455997,False,False,False,False,False,False,False,True,False,False,False,False,False,False,False,False,False,False,False,False,False,False,False,False,False,False,False,False,False,False,False,False,False
18.1,0.713,6.297,91.8,20.2,1.8066759959463214,1.214378477039817,6.502790045915623,2.9052603703899154,False,False,False,False,False,False,False,True,False,False,False,False,False,False,False,False,False,False,False,False,False,False,False,False,False,False,False,False,False,False,False,False,False
18.1,0.713,7.393,99.3,20.2,2.224417043716578,1.239156533660418,6.502790045915623,2.8758219768814333,False,False,False,False,False,False,False,True,False,False,False,False,False,False,False,False,False,False,False,False,False,False,False,False,False,False,False,False,False,False,False,False,False
18.1,0.713,6.728,94.1,20.2,2.3526725106043593,1.2516480615031922,6.502790045915623,2.9811261211646287,False,False,False,False,False,False,False,True,False,False,False,False,False,False,False,False,False,False,False,False,False,False,False,False,False,False,False,False,False,False,False,False,False
18.1,0.713,6.525,86.5,20.2,1.749611943801969,1.234249795210208,6.502790045915623,2.9512577834521614,False,False,False,False,False,False,False,True,False,False,False,False,False,False,False,False,False,False,False,False,False,False,False,False,False,False,False,False,False,False,False,False,False
18.1,0.713,5.976,87.9,20.2,1.7349827472403847,1.2755303841350356,6.502790045915623,2.996232148595642,False,False,False,False,False,False,False,True,False,False,False,False,False,False,False,False,False,False,False,False,False,False,False,False,False,False,False,False,False,False,False,False,False
18.1,0.713,5.936,80.3,20.2,2.219266525546099,1.329512347020906,6.502790045915623,2.88703285663065,False,False,False,False,False,False,False,True,False,False,False,False,False,False,False,False,False,False,False,False,False,False,False,False,False,False,False,False,False,False,False,False,False
18.1,0.713,6.301,83.7,20.2,2.1693085250418154,1.3305437793485715,6.502790045915623,2.8466520505398383,False,False,False,False,False,False,False,True,False,False,False,False,False,False,False,False,False,False,False,False,False,False,False,False,False,False,False,False,False,False,False,False,False
18.1,0.713,6.081,84.4,20.2,2.0542737224466707,1.313051399352173,6.502790045915623,2.7536607123542622,False,False,False,False,False,False,False,True,False,False,False,False,False,False,False,False,False,False,False,False,False,False,False,False,False,False,False,False,False,False,False,False,False
18.1,0.713,6.701,90.0,20.2,1.7599471129733726,1.2802391597793858,6.502790045915623,2.857618971424357,False,False,False,False,False,False,False,True,False,False,False,False,False,False,False,False,False,False,False,False,False,False,False,False,False,False,False,False,False,False,False,False,False
18.1,0.713,6.376,88.4,20.2,1.546095475702301,1.2717529407468942,6.502790045915623,2.750470916986162,False,False,False,False,False,False,False,True,False,False,False,False,False,False,False,False,False,False,False,False,False,False,False,False,False,False,False,False,False,False,False,False,False
18.1,0.713,6.317,83.0,20.2,2.035348578369212,1.3175871631100997,6.502790045915623,2.7073833121145063,False,False,False,False,False,False,False,True,False,False,False,False,False,False,False,False,False,False,False,False,False,False,False,False,False,False,False,False,False,False,False,False,False
18.1,0.713,6.513,89.9,20.2,1.9200280793412094,1.335422030746134,6.502790045915623,2.4239173781615704,False,False,False,False,False,False,False,True,False,False,False,False,False,False,False,False,False,False,False,False,False,False,False,False,False,False,False,False,False,False,False,False,False
18.1,0.655,6.209,65.4,20.2,2.1792099506138976,1.3771022427509756,6.502790045915623,2.6546494243750947,False,False,False,False,False,False,False,True,False,False,False,False,False,False,False,False,False,False,False,False,False,False,False,False,False,False,False,False,False,False,False,False,False
18.1,0.655,5.759,48.2,20.2,1.4263800846591763,1.4027826786246929,6.502790045915623,2.7166795278002644,False,False,False,False,False,False,False,True,False,False,False,False,False,False,False,False,False,False,False,False,False,False,False,False,False,False,False,False,False,False,False,False,False
18.1,0.655,5.952,84.7,20.2,1.5633897854422463,1.3536420288446411,6.502790045915623,2.8986705607108596,False,False,False,False,False,False,False,True,False,False,False,False,False,False,False,False,False,False,False,False,False,False,False,False,False,False,False,False,False,False,False,False,False
18.1,0.584,6.003,94.5,20.2,1.690516391203815,1.2642114693176756,6.502790045915623,3.1054831375131102,False,False,False,False,False,False,False,True,False,False,False,False,False,False,False,False,False,False,False,False,False,False,False,False,False,False,False,False,False,False,False,False,False
18.1,0.58,5.926,71.0,20.2,2.807937767457695,1.363128083088051,6.502790045915623,2.9512577834521614,False,False,False,False,False,False,False,True,False,False,False,False,False,False,False,False,False,False,False,False,False,False,False,False,False,False,False,False,False,False,False,False,False
18.1,0.58,5.713,56.7,20.2,2.6444072787962525,1.3412185402287997,6.502790045915623,2.757475084429733,False,False,False,False,False,False,False,True,False,False,False,False,False,False,False,False,False,False,False,False,False,False,False,False,False,False,False,False,False,False,False,False,False
18.1,0.58,6.167,84.0,20.2,1.6768703671037264,1.3946096927236045,6.502790045915623,2.850128299695199,False,False,False,False,False,False,False,True,False,False,False,False,False,False,False,False,False,False,False,False,False,False,False,False,False,False,False,False,False,False,False,False,False
18.1,0.532,6.229,90.7,20.2,1.6170905561197193,1.4108162274266278,6.502790045915623,2.6297282343267403,False,False,False,False,False,False,False,True,False,False,False,False,False,False,False,False,False,False,False,False,False,False,False,False,False,False,False,False,False,False,False,False,False
18.1,0.58,6.437,75.0,20.2,1.5192243229211484,1.3600787143014785,6.502790045915623,2.731766727719526,False,False,False,False,False,False,False,True,False,False,False,False,False,False,False,False,False,False,False,False,False,False,False,False,False,False,False,False,False,False,False,False,False
18.1,0.614,6.98,67.6,20.2,1.7311049511313974,1.262119063419393,6.502790045915623,2.5384474167160302,False,False,False,False,False,False,False,True,False,False,False,False,False,False,False,False,False,False,False,False,False,False,False,False,False,False,False,False,False,False,False,False,False
18.1,0.584,5.427,95.4,20.2,2.203404332146021,1.2325019504399097,6.502790045915623,2.9517803860248084,False,False,False,False,False,False,False,True,False,False,False,False,False,False,False,False,False,False,False,False,False,False,False,False,False,False,False,False,False,False,False,False,False
18.1,0.584,6.162,97.4,20.2,2.000549838013637,1.165024054187361,6.502790045915623,3.2228678461377385,False,False,False,False,False,False,False,True,False,False,False,False,False,False,False,False,False,False,False,False,False,False,False,False,False,False,False,False,False,False,False,False,False
18.1,0.614,6.484,93.6,20.2,1.7700948094248417,1.195527240742406,6.502790045915623,2.9796028916241073,False,False,False,False,False,False,False,True,False,False,False,False,False,False,False,False,False,False,False,False,False,False,False,False,False,False,False,False,False,False,False,False,False
18.1,0.614,5.304,97.3,20.2,2.774050153828231,1.1316278924522738,6.502790045915623,3.2546289945740186,False,False,False,False,False,False,False,True,False,False,False,False,False,False,False,False,False,False,False,False,False,False,False,False,False,False,False,False,False,False,False,False,False
18.1,0.614,6.185,96.7,20.2,2.418855874659432,1.1538893041579492,6.502790045915623,2.946016681308058,False,False,False,False,False,False,False,True,False,False,False,False,False,False,False,False,False,False,False,False,False,False,False,False,False,False,False,False,False,False,False,False,False
18.1,0.614,6.229,88.0,20.2,2.730053020578551,1.082211867300329,6.502790045915623,2.6468837658647226,False,False,False,False,False,False,False,True,False,False,False,False,False,False,False,False,False,False,False,False,False,False,False,False,False,False,False,False,False,False,False,False,False
18.1,0.532,6.242,64.7,20.2,1.9204472756044826,1.487089471154785,6.502790045915623,2.4630018143999504,False,False,False,False,False,False,False,True,False,False,False,False,False,False,False,False,False,False,False,False,False,False,False,False,False,False,False,False,False,False,False,False,False
18.1,0.532,6.75,74.9,20.2,1.9033276772324317,1.465960074663146,6.502790045915623,2.167910189667444,False,False,False,False,False,False,False,True,False,False,False,False,False,False,False,False,False,False,False,False,False,False,False,False,False,False,False,False,False,False,False,False,False
18.1,0.532,7.061,77.0,20.2,1.9067474913596385,1.4840107346259601,6.502790045915623,2.080690761080268,False,False,False,False,False,False,False,True,False,False,False,False,False,False,False,False,False,False,False,False,False,False,False,False,False,False,False,False,False,False,False,False,False
18.1,0.532,5.762,40.3,20.2,1.3398262488998969,1.6289071508290425,6.502790045915623,2.435366204227864,False,False,False,False,False,False,False,True,False,False,False,False,False,False,False,False,False,False,False,False,False,False,False,False,False,False,False,False,False,False,False,False,False
18.1,0.583,5.871,41.9,20.2,1.2174525430495582,1.552655898335116,6.502790045915623,2.663052835171474,False,False,False,False,False,False,False,True,False,False,False,False,False,False,False,False,False,False,False,False,False,False,False,False,False,False,False,False,False,False,False,False,False
18.1,0.583,6.312,51.9,20.2,1.5419446302865207,1.607776533107434,6.502790045915623,2.449279472144849,False,False,False,False,False,False,False,True,False,False,False,False,False,False,False,False,False,False,False,False,False,False,False,False,False,False,False,False,False,False,False,False,False
18.1,0.583,6.114,79.8,20.2,1.9008754243872985,1.514225727828089,6.502790045915623,2.7713379403381286,False,False,False,False,False,False,False,True,False,False,False,False,False,False,False,False,False,False,False,False,False,False,False,False,False,False,False,False,False,False,False,False,False
18.1,0.583,5.905,53.2,20.2,1.763989083482614,1.423662397588629,6.502790045915623,2.5217206229107165,False,False,False,False,False,False,False,True,False,False,False,False,False,False,False,False,False,False,False,False,False,False,False,False,False,False,False,False,False,False,False,False,False
27.74,0.609,5.454,92.7,20.1,0.14050948897951462,1.0370559829690038,6.568077911411976,2.947591898226056,False,False,True,False,False,False,False,False,False,False,False,False,False,False,False,False,False,False,False,False,False,False,False,False,False,False,False,False,False,False,False,False,False
27.74,0.609,5.414,98.3,20.1,0.16836630025465413,1.0135626226283616,6.568077911411976,3.217675104291682,False,False,True,False,False,False,False,False,False,False,False,False,False,False,False,False,False,False,False,False,False,False,False,False,False,False,False,False,False,False,False,False,False
27.74,0.609,5.093,98.0,20.1,0.18851897970190706,1.0376584459977696,6.568077911411976,3.4236109764990554,False,False,True,False,False,False,False,False,False,False,False,False,False,False,False,False,False,False,False,False,False,False,False,False,False,False,False,False,False,False,False,False,False
27.74,0.609,5.983,98.8,20.1,0.10051479408986369,1.0536497896330035,6.568077911411976,2.9481164196123277,False,False,True,False,False,False,False,False,False,False,False,False,False,False,False,False,False,False,False,False,False,False,False,False,False,False,False,False,False,False,False,False,False
27.74,0.609,5.983,83.5,20.1,0.10554849798804089,1.1345905713333448,6.568077911411976,2.66374994220563,False,False,True,False,False,False,False,False,False,False,False,False,False,False,False,False,False,False,False,False,False,False,False,False,False,False,False,False,False,False,False,False,False
9.69,0.585,5.707,54.0,19.2,0.1598288143805233,1.2183785416335373,5.971261839790462,2.565718292524414,False,False,False,False,True,False,False,False,False,False,False,False,False,False,False,False,False,False,False,False,False,False,False,False,False,False,False,False,False,False,False,False,False
9.69,0.585,5.926,42.6,19.2,0.24652408399188336,1.2183785416335373,5.971261839790462,2.6803363625346943,False,False,False,False,True,False,False,False,False,False,False,False,False,False,False,False,False,False,False,False,False,False,False,False,False,False,False,False,False,False,False,False,False
9.69,0.585,5.67,28.8,19.2,0.16465813975505655,1.3346325777959989,5.971261839790462,2.9231615807191558,False,False,False,False,True,False,False,False,False,False,False,False,False,False,False,False,False,False,False,False,False,False,False,False,False,False,False,False,False,False,False,False,False
9.69,0.585,5.39,72.9,19.2,0.2543320927702268,1.3346325777959989,5.971261839790462,3.0973859272804907,False,False,False,False,True,False,False,False,False,False,False,False,False,False,False,False,False,False,False,False,False,False,False,False,False,False,False,False,False,False,False,False,False
9.69,0.585,5.794,70.6,19.2,0.23774049566117803,1.3591030042666945,5.971261839790462,2.714694743820879,False,False,False,False,True,False,False,False,False,False,False,False,False,False,False,False,False,False,False,False,False,False,False,False,False,False,False,False,False,False,False,False,False
9.69,0.585,6.019,65.3,19.2,0.21440145025736632,1.2264483268411057,5.971261839790462,2.6333266549062735,False,False,False,False,True,False,False,False,False,False,False,False,False,False,False,False,False,False,False,False,False,False,False,False,False,False,False,False,False,False,False,False,False
9.69,0.585,5.569,73.5,19.2,0.16367376242147158,1.2237460194248755,5.971261839790462,2.7788192719904172,False,False,False,False,True,False,False,False,False,False,False,False,False,False,False,False,False,False,False,False,False,False,False,False,False,False,False,False,False,False,False,False,False
9.69,0.585,6.027,79.7,19.2,0.2024345934245115,1.2522485504908258,5.971261839790462,2.7298116928837226,False,False,False,False,True,False,False,False,False,False,False,False,False,False,False,False,False,False,False,False,False,False,False,False,False,False,False,False,False,False,False,False,False
11.93,0.573,6.593,69.1,21.0,0.06074696727310071,1.246629913991916,5.6131281063880705,2.367436065313662,False,False,False,False,False,False,False,False,False,False,False,False,False,False,False,False,False,False,False,False,False,False,False,False,False,False,False,False,False,False,False,False,False
11.93,0.573,6.12,76.7,21.0,0.0442752252499075,1.1901273975038829,5.6131281063880705,2.3105532626432224,False,False,False,False,False,False,False,False,False,False,False,False,False,False,False,False,False,False,False,False,False,False,False,False,False,False,False,False,False,False,False,False,False
11.93,0.573,6.976,91.0,21.0,0.058985632347870916,1.1529426332131572,5.6131281063880705,1.8931119634883424,False,False,False,False,False,False,False,False,False,False,False,False,False,False,False,False,False,False,False,False,False,False,False,False,False,False,False,False,False,False,False,False,False
11.93,0.573,6.794,89.3,21.0,0.10399057772120508,1.2205053849602963,5.6131281063880705,2.012232791986386,False,False,False,False,False,False,False,False,False,False,False,False,False,False,False,False,False,False,False,False,False,False,False,False,False,False,False,False,False,False,False,False,False
11.93,0.573,6.03,80.8,21.0,0.04632045026850427,1.2541905204865533,5.6131281063880705,2.1838015570040787,False,False,False,False,False,False,False,False,False,False,False,False,False,False,False,False,False,False,False,False,False,False,False,False,False,False,False,False,False,False,False,False,False
